"","individual","sample","spp","model","mpa","lfm","dw.flam.sample","tti","fh","fd","temp.max","gd","ttfg","gti","pfg","ignition","PC1","start.temp","sample.wt","year.month","site"
"1","2019_December_CEME_1.4.3","1.4.3","CEME","EPI",-0.58,96.18380062,0.293602223104406,69,10,5,343.2,119,13,56,60,1,-2.12333406980316,279.3,0.576,"2019_December","St. Marys"
"2","2019_December_CEME_1.5.3","1.5.3","CEME","EPI",-0.25,120.9012994,0.231777722152691,63,10,5,312.3,171,3,60,104,1,-3.19761091469814,283.6,0.512,"2019_December","St. Marys"
"3","2019_December_CEME_1.8.3","1.8.3","CEME","EPI",-0.317,224.1209333,0.180220600162206,36,10,5,300.7,128,9,27,93,1,-0.153721942187457,265.3,0.584,"2019_December","St. Marys"
"4","2019_December_CEME_1.4.3","1.4.3","CEME","EPI",-2.98,147.9640844,0.225867295385652,55,13,12,273.6,114,23,32,70,1,-0.411250123927006,265.7,0.56,"2019_December","St. Marys"
"5","2019_December_CEME_1.4.3","1.4.3","CEME","EPI",-8.87,77.59403372,0.322645974073398,45,13,10,288.6,150,12,33,107,1,-0.819059087168477,267.4,0.573,"2019_December","St. Marys"
"6","2019_December_CEME_1.6.3","1.6.3","CEME","EPI",-10,28.49525435,0.414032863070539,39,12,5,282.1,142,13,26,111,1,-0.653540144402931,276.9,0.532,"2019_December","St. Marys"
"7","2019_December_CEME_1.8.3","1.8.3","CEME","EPI",-3.19,198.1234307,0.175781560283688,46,9,5,297.2,103,11,35,63,1,-0.30942336857672,258.9,0.524,"2019_December","St. Marys"
"8","2019_December_CEME_1.4.3","1.4.3","CEME","EPI",-8.01,74.32401727,0.306326120959333,57,13,7,276.9,148,16,41,100,1,-1.84843823148623,269.9,0.534,"2019_December","St. Marys"
"9","2019_December_CEME_1.6.3","1.6.3","CEME","EPI",-3.752,118.5678601,0.271793691909188,43,9,8,285.5,145,32,11,126,1,-0.961782225997475,273.8,0.594,"2019_December","St. Marys"
"10","2019_December_CEME_1.7.3","1.7.3","CEME","EPI",-2.85,355.8661033,0.124190761334474,28,11,9,285.1,132,11,17,106,1,0.594135566428936,276.1,0.566,"2019_December","St. Marys"
"11","2019_December_CEME_1.8.3","1.8.3","CEME","EPI",-6.9,122.6254407,0.199026169590643,53,2,1,281,129,7,46,82,1,-2.46354126945174,272.1,0.443,"2019_December","St. Marys"
"12","2019_December_CEME_1.9.3","1.9.3","CEME","EPI",-3.36,123.4106208,0.226488784733847,44,9,10,289.7,149,16,28,111,1,-1.04499037712363,262.3,0.506,"2019_December","St. Marys"
"13","2019_December_CEME_1.4.3","1.4.3","CEME","EPI",-6.33,83.05626182,0.261675925925926,44,12,2,278.5,106,15,29,75,1,-0.259544388053624,275.6,0.479,"2019_December","St. Marys"
"14","2019_December_CEME_1.9.3","1.9.3","CEME","EPI",-4.61,112.8454819,0.251844994617869,41,4,13,284.2,150,15,26,111,1,-1.09439778014231,275.5,0.536,"2019_December","St. Marys"
"15","2019_December_CEME_1.1.3","1.1.3","CEME","EPI",-1.19,101.4208107,0.238307053941909,35,10,14,292.1,106,17,18,74,1,1.13152637471033,269.3,0.48,"2019_December","St. Marys"
"16","2019_December_CEME_1.2.3","1.2.3","CEME","EPI",-0.56,114.5088018,0.211180145598941,50,10,5,267.4,131,26,24,101,1,-1.283537639547,271.8,0.453,"2019_December","St. Marys"
"17","2019_December_CEME_1.4.3","1.4.3","CEME","EPI",-6.98,71.96629977,0.323337547408344,33,11,14,281.7,125,12,21,90,1,0.790329801410463,264.3,0.556,"2019_December","St. Marys"
"18","2019_December_CEME_1.6.3","1.6.3","CEME","EPI",-7.09,79.50880308,0.332596011208175,50,12,4,269.8,139,24,26,109,1,-1.41279018946396,276.2,0.597,"2019_December","St. Marys"
"19","2019_December_CEME_1.7.3","1.7.3","CEME","EPI",-6.2,91.05380452,0.292587735377437,29,7,4,262.8,120,10,19,97,1,0.0571873005617043,252.5,0.559,"2019_December","St. Marys"
"20","2019_December_CEME_1.8.3","1.8.3","CEME","EPI",-8.78,63.36576989,0.345237561317449,26,17,8,303.2,106,11,15,83,1,1.93663451236927,272.2,0.564,"2019_December","St. Marys"
"21","2019_December_CEME_1.2.3","1.2.3","CEME","EPI",-1.52,111.3095238,0.25176338028169,47,10,17,275.7,187,18,29,141,1,-1.71830309078058,278.7,0.532,"2019_December","St. Marys"
"22","2019_December_CEME_1.5.3","1.5.3","CEME","EPI",-3.687,162.4141315,0.211497756170531,44,7,5,270.1,115,15,29,81,1,-0.739805911314202,271,0.555,"2019_December","St. Marys"
"23","2019_December_CEME_1.1.3","1.1.3","CEME","EPI",-3.15,124.5260664,0.238725065963061,55,10.5,5,301.4,119,8,47,67,1,-1.23894321183656,282.3,0.536,"2019_December","St. Marys"
"24","2019_December_CEME_1.2.3","1.2.3","CEME","EPI",-1.91,105.453982,0.264779487179487,60,16.5,3,285.3,188,18,42,143,1,-3.08867530820699,277.6,0.544,"2019_December","St. Marys"
"25","2019_December_CEME_1.3.3","1.3.3","CEME","EPI",-2.98,100.9497626,0.280667164179104,36,12.5,4,272.8,113,9,27,82,1,0.257206467919009,272.6,0.564,"2019_December","St. Marys"
"26","2019_December_CEME_1.5.3","1.5.3","CEME","EPI",-6.59,83.0859028,0.253993762993763,41,11,5,291.1,138,17,24,109,1,-0.724426734205933,268.5,0.465,"2019_December","St. Marys"
"27","2019_December_CEME_1.7.3","1.7.3","CEME","EPI",-8.801,99.42418426,0.258744947064485,40,17,10,263.6,168,17,23,135,1,-0.67452236552161,263.1,0.516,"2019_December","St. Marys"
"28","2019_December_CEME_1.9.3","1.9.3","CEME","EPI",-7.75,86.00600601,0.272589310550368,35,10,19,270.7,95,22,13,63,1,1.74019186738733,268.6,0.507,"2019_December","St. Marys"
"29","2019_December_CEME_1.1.3","1.1.3","CEME","EPI",-3,75.77052182,0.293564583333333,40,10,6,269.6,106,23,17,83,1,0.144127392978163,265.5,0.516,"2019_December","St. Marys"
"30","2019_December_CEME_1.2.3","1.2.3","CEME","EPI",-3.07,94.79733817,0.233062732919255,55,16,4,276.1,93,30,25,64,1,-0.136929951206083,262.1,0.454,"2019_December","St. Marys"
"31","2019_December_CEME_1.4.3","1.4.3","CEME","EPI",-3.98,48.88321634,0.328459111949254,25,13,8,288.1,87,12,13,66,1,2.12648982331445,284.5,0.489,"2019_December","St. Marys"
"32","2019_December_CEME_1.5.3","1.5.3","CEME","EPI",-9.57,75.72192513,0.338603164942179,35,10,3,303.8,110,9,26,81,1,0.226504012662053,276.2,0.595,"2019_December","St. Marys"
"33","2019_December_CEME_1.5.3","1.5.3","CEME","EPI",-9.57,75.72192513,0.338603164942179,32,16,6,279.1,114,12,20,88,1,0.990989356413789,271,0.595,"2019_December","St. Marys"
"34","2019_December_CEME_1.6.3","1.6.3","CEME","EPI",-6.57,116.3649147,0.250526401299756,39,6,11,260.6,118,6,33,74,1,-0.187237646940785,249.4,0.542,"2019_December","St. Marys"
"35","2019_December_CEME_1.9.3","1.9.3","CEME","EPI",-6.26,100.1364038,0.290313662604233,48,3,4,257.4,123,4,44,75,1,-1.74035219283301,252.4,0.581,"2019_December","St. Marys"
"36","2019_December_CEME_1.1.3","1.1.3","CEME","EPI",-5.4,84.29945412,0.319045980253879,44,11,7,291.3,102,18,26,69,1,0.184145544399151,276.1,0.588,"2019_December","St. Marys"
"37","2019_December_CEME_1.2.3","1.2.3","CEME","EPI",-3.42,67.99722319,0.27976652892562,44,10.5,6,302.6,84,21,23,55,1,0.60305894754402,263.3,0.47,"2019_December","St. Marys"
"38","2019_December_CEME_1.3.3","1.3.3","CEME","EPI",-5.42,85.04726439,0.322620278637771,42,7,10,365.1,164,27,15,139,1,-1.17558126749247,268.7,0.597,"2019_December","St. Marys"
"39","2019_December_CEME_1.4.3","1.4.3","CEME","EPI",-6.48,136.6424986,0.195231204336554,49,7,2,253.2,130,13,36,92,1,-1.77865789485729,256.4,0.462,"2019_December","St. Marys"
"40","2019_December_CEME_1.9.3","1.9.3","CEME","EPI",-10.014,62.84858262,0.335280781205774,26,16,13,293.1,137,17,9,115,1,1.37360674556397,272.5,0.546,"2019_December","St. Marys"
"41","2019_December_CEME_1.1.3","1.1.3","CEME","EPI",-3.7,272.0302376,0.12633381712627,43,7,4,293.9,104,20,23,77,1,-0.344961145052733,277,0.47,"2019_December","St. Marys"
"42","2019_December_CEME_1.2.3","1.2.3","CEME","EPI",-6.01,54.09836066,0.377031914893617,37,13,9,279.1,133,27,10,114,1,0.154473614586836,276.2,0.581,"2019_December","St. Marys"
"43","2019_December_CEME_1.3.3","1.3.3","CEME","EPI",-4.1,143.1654676,0.215902366863905,34,11,10,360.9,127,15,19,98,1,0.657986157964493,297.8,0.525,"2019_December","St. Marys"
"44","2019_December_CEME_1.1.3","1.1.3","CEME","EPI",-9,184.5188285,0.149726470588235,45,7,2,273.7,116,18,45,69,1,-1.52855337164337,278.1,0.426,"2019_December","St. Marys"
"45","2019_December_CEME_1.3.3","1.3.3","CEME","EPI",-6.52,133.6798337,0.198134341637011,44,7,5,274.8,137,15,29,103,1,-1.31496065211881,258.7,0.463,"2019_December","St. Marys"
"46","2019_December_CEME_1.1.3","1.1.3","CEME","EPI",-6.95,174.2857143,0.186302083333333,34,17,5,279.1,135,13,21,109,1,0.303373081105902,279,0.511,"2019_December","St. Marys"
"47","2019_December_CEME_1.2.3","1.2.3","CEME","EPI",-8.58,179.969651,0.210379945799458,38,8,13,288.9,179,15,23,143,1,-1.30444680194672,278.3,0.589,"2019_December","St. Marys"
"48","2019_December_CEME_1.3.3","1.3.3","CEME","EPI",-7.21,88.4180791,0.27863568215892,29,10,9,342.7,93,14,15,69,1,1.69638290896418,277,0.525,"2019_December","St. Marys"
"49","2019_December_CEME_1.2.3","1.2.3","CEME","EPI",-9.21,58.51851852,0.369672897196262,50,9,3,266.7,210,20,30,177,1,-3.67870564096214,253.2,0.586,"2019_December","St. Marys"
"50","2019_December_CEME_1.2.3","1.2.3","CEME","EPI",-10,NA,0.286906779661017,28,18,7,282.9,123,7,21,95,1,1.26619442581045,279.3,0.444,"2019_December","St. Marys"
"51","2020_January_CEME_1.1.3","1.1.3","CEME","EPI",-0.52,234.1517857,0.1747708750835,50,10,5,276.9,100,11,39,58,1,-0.517942538148237,268.2,0.584,"2020_January","St. Marys"
"52","2020_January_CEME_1.3.3","1.3.3","CEME","EPI",-0.5,169.1558442,0.20508564535585,42,10,5,336.1,106,23,19,80,1,0.184214668456584,268.8,0.552,"2020_January","St. Marys"
"53","2020_January_CEME_1.1.3","1.1.3","CEME","EPI",-1.72,200.4859611,0.182704043126685,43,5,6,268.1,90,18,25,59,1,-0.0907688146239156,264.1,0.549,"2020_January","St. Marys"
"54","2020_January_CEME_1.2.3","1.2.3","CEME","EPI",-1.19,249.7936726,0.143827304183706,47,8,4,271.1,95,24,23,68,1,-0.358929298175103,267,0.503,"2020_January","St. Marys"
"55","2020_January_CEME_1.3.3","1.3.3","CEME","EPI",-1.49,288.5689098,0.122527525710829,49,8,1,272.1,98,15,34,63,1,-0.832882296725572,280.2,0.476,"2020_January","St. Marys"
"56","2020_January_CEME_1.5.3","1.5.3","CEME","EPI",-1.53,231.4540059,0.176796777081468,59,5,3,260.5,130,20,39,88,1,-2.52323969181544,263,0.586,"2020_January","St. Marys"
"57","2020_January_CEME_1.1.3","1.1.3","CEME","EPI",-2.26,244.9612403,0.142078937084799,47,11.5,4,263.6,74,24,23,47,1,0.480036068575161,264.5,0.49,"2020_January","St. Marys"
"58","2020_January_CEME_1.2.3","1.2.3","CEME","EPI",-2.39,209.0935418,0.164060146149522,41,2,1,263.4,82,20,21,60,1,-0.366594438645894,266.2,0.507,"2020_January","St. Marys"
"59","2020_January_CEME_1.3.3","1.3.3","CEME","EPI",-2.51,185.7897264,0.179502603729212,48,17,4,280.7,124,9,39,81,1,-0.46547489344576,279.6,0.513,"2020_January","St. Marys"
"60","2020_January_CEME_1.5.3","1.5.3","CEME","EPI",-2.1,146.6992665,0.216482085683793,52,8,2,276.8,118,22,30,86,1,-1.46217799419738,271.9,0.534,"2020_January","St. Marys"
"61","2020_January_CEME_1.6.3","1.6.3","CEME","EPI",-2.36,143.8328236,0.193165133779264,43,8,12,259.6,130,15,28,90,1,-0.511200035133331,272.5,0.471,"2020_January","St. Marys"
"62","2020_January_CEME_1.6.3","1.6.3","CEME","EPI",-2.36,143.8328236,0.193165133779264,39,12.5,18,270,187,24,15,154,1,-0.86519962928136,251.5,0.471,"2020_January","St. Marys"
"63","2020_January_CEME_1.5.3","1.5.3","CEME","EPI",-3.55,158.8868576,0.210929232700455,55,7.5,8,276.7,134,26,29,97,1,-1.69010354283423,278.6,0.546,"2020_January","St. Marys"
"64","2020_January_CEME_1.1.3","1.1.3","CEME","EPI",-6,99.45337621,0.23514267290021,57,10.5,2,267.3,119,31,26,91,1,-1.61989838221433,270.5,0.469,"2020_January","St. Marys"
"65","2020_January_CEME_1.3.3","1.3.3","CEME","EPI",-6.9,91.92346425,0.260545645330535,19,10,10,287.8,91,17,2,79,1,2.34767542637379,260.4,0.5,"2020_January","St. Marys"
"66","2020_January_CEME_1.4.3","1.4.3","CEME","EPI",-5.5,122.9965157,0.2345328125,30,16.5,8,268.2,116,11,19,89,1,1.22492106389342,277.8,0.523,"2020_January","St. Marys"
"67","2020_January_CEME_1.6.3","1.6.3","CEME","EPI",-8.6,62.33090531,0.288916025641026,34,15,7,279.9,142,12,22,113,1,0.0885109881788493,268.5,0.469,"2020_January","St. Marys"
"68","2020_January_CEME_1.1.3","1.1.3","CEME","EPI",-7,92.95774648,0.28557990521327,30,16.5,5,270.1,92,8,22,65,1,1.64461628343561,262.4,0.551,"2020_January","St. Marys"
"69","2020_January_CEME_1.2.3","1.2.3","CEME","EPI",-7.3,85.29784537,0.286565663474692,30,5,15,284.2,107,18,30,62,1,0.578716313090381,279.3,0.531,"2020_January","St. Marys"
"70","2020_January_CEME_1.3.3","1.3.3","CEME","EPI",-9.1,67.59899897,0.261353592130687,35,12.5,6,330.9,102,14,21,75,1,0.989035165527464,275.4,0.438,"2020_January","St. Marys"
"71","2020_January_CEME_1.4.3","1.4.3","CEME","EPI",-7.5,62.00540673,0.344432949029126,26,10,7,276.3,96,9,17,72,1,1.43117698946377,266.3,0.558,"2020_January","St. Marys"
"72","2020_January_CEME_1.5.3","1.5.3","CEME","EPI",-7.5,89.5783339,0.270073056057866,26,13,13,281,143,20,6,124,1,0.925923966479036,269.7,0.512,"2020_January","St. Marys"
"73","2020_January_CEME_1.6.3","1.6.3","CEME","EPI",-10,54.31472081,0.29614802631579,24,19.5,9,292.6,120,10,14,97,1,1.94754470285723,268.6,0.457,"2020_January","St. Marys"
"74","2020_January_CEME_1.2.3","1.2.3","CEME","EPI",-6.8,102.6654578,0.199361603149043,29,15,6,266.5,86,14,15,65,1,1.83286689250161,265.5,0.404,"2020_January","St. Marys"
"75","2020_January_CEME_1.2.3","1.2.3","CEME","EPI",-4,132.5275657,0.23180047419296,73,7.5,11,268.9,140,29,44,85,1,-2.90657859011807,269.1,0.539,"2020_January","St. Marys"
"76","2020_January_CEME_1.3.3","1.3.3","CEME","EPI",-4.6,112.0682116,0.244261030927835,41,13,7,271.7,91,14,27,57,1,0.777643441228573,271.7,0.518,"2020_January","St. Marys"
"77","2020_January_CEME_1.5.3","1.5.3","CEME","EPI",-3.5,124.0148051,0.208939941690962,50,7,2,297.9,95,28,22,71,1,-0.692579044404939,274.5,0.468,"2020_January","St. Marys"
"78","2020_January_CEME_1.1.3","1.1.3","CEME","EPI",-5.1,106.5868263,0.207197456993268,42,3.5,3,263.2,208,10,32,173,1,-3.59015753081847,269,0.428,"2020_January","St. Marys"
"79","2020_January_CEME_1.3.3","1.3.3","CEME","EPI",-6.3,97.09035222,0.248637776243094,37,18,4,276.4,104,16,21,79,1,0.942317667102953,266.9,0.49,"2020_January","St. Marys"
"80","2020_January_CEME_1.1.3","1.1.3","CEME","EPI",-7,74.2286519,0.251407494489346,20,11,14,291.9,96,7,13,69,1,2.49419019603338,277.3,0.438,"2020_January","St. Marys"
"81","2020_January_CEME_1.3.3","1.3.3","CEME","EPI",-7.3,66.59590599,0.322956680014561,41,12.5,1,266.1,111,12,29,81,1,-0.269055045481922,271.9,0.538,"2020_January","St. Marys"
"82","2020_January_CEME_1.4.3","1.4.3","CEME","EPI",-8.6,78.79924953,0.285236096537251,31,15,5,279.9,102,12,19,78,1,1.22733098224798,270.6,0.51,"2020_January","St. Marys"
"83","2020_January_CEME_1.1.3","1.1.3","CEME","EPI",-10,76.53492781,0.253223690731869,31,17,5,310.5,103,23,8,90,1,1.52256561143293,287.1,0.447,"2020_January","St. Marys"
"84","2020_January_CEME_1.3.3","1.3.3","CEME","EPI",-10,64.5797302,0.248511769651114,35,7,3,274.7,108,2,33,72,1,-0.105920799884724,273.9,0.409,"2020_January","St. Marys"
"85","2020_January_CEME_1.4.3","1.4.3","CEME","EPI",-9.1,64.59731544,0.318960244648318,40,3.5,2,286.4,105,12,28,75,1,-0.66722038206387,279.2,0.525,"2020_January","St. Marys"
"86","2020_January_CEME_1.5.3","1.5.3","CEME","EPI",-10,72.23897745,0.274634984158746,35,10,9,293.7,83,18,17,57,1,1.39364051565221,281.2,0.473,"2020_January","St. Marys"
"87","2020_January_CEME_1.6.3","1.6.3","CEME","EPI",-9.5,59.29690809,0.269950372208437,26,10,6,277.9,104,9,17,81,1,1.14852363488072,276.1,0.43,"2020_January","St. Marys"
"88","2020_September_CEME_1.1.4","1.1.4","CEME","EPI",-0.208,101.0507881,0.274209320557491,56,10,5,296.3,137,10,46,90,1,-1.89537149314962,275.6,0.5513,"2020_September","St. Marys"
"89","2020_September_CEME_1.2.4","1.2.4","CEME","EPI",-1.88,71.48362235,0.27396202247191,50,13,4,300.5,125,21,29,92,1,-0.857928192896176,275.5,0.4698,"2020_September","St. Marys"
"90","2020_September_CEME_1.3.4","1.3.4","CEME","EPI",-0.597,79.06908665,0.28374523459212,63,10,5,306.1,135,17,46,86,1,-2.24383956694015,278.3,0.5081,"2020_September","St. Marys"
"91","2020_September_CEME_1.4.4","1.4.4","CEME","EPI",-0.192,106.6751162,0.247876962387572,41,10,5,367.1,128,22,19,103,1,-0.247547208311502,274.5,0.5123,"2020_September","St. Marys"
"92","2020_September_CEME_1.5.4","1.5.4","CEME","EPI",-0.145,118.0670754,0.251665685463866,86,10,5,321.9,141,21,65,38,1,-3.50235991069975,281.7,0.5488,"2020_September","St. Marys"
"93","2020_September_CEME_1.6.4","1.6.4","CEME","EPI",-0.491,98.7012987,0.232056862745098,48,10,5,287,163,19,29,129,1,-1.97800257105584,273.8,0.4611,"2020_September","St. Marys"
"94","2020_September_CEME_2.1.4","2.1.4","CEME","EPI",-0.641,108.3877996,0.218918766335599,60,10,5,324.4,120,20,40,78,1,-1.56811269877208,283.8,0.4562,"2020_September","Painted Caves"
"95","2020_September_CEME_2.2.4","2.2.4","CEME","EPI",-0.226,106.6985646,0.238221296296296,56,10,5,300.8,154,27,29,107,1,-2.05146216741595,278.3,0.4924,"2020_September","Painted Caves"
"96","2020_September_CEME_2.4.4","2.4.4","CEME","EPI",-0.159,112.4834583,0.242936558023666,70,10,5,282.6,122,27,43,77,1,-2.43631137607693,276.5,0.5162,"2020_September","Painted Caves"
"97","2020_September_CEME_2.5.4","2.5.4","CEME","EPI",-0.328,106.4761054,0.24860019467878,48,10,5,290.4,134,19,29,103,1,-1.22486777074679,270.4,0.5133,"2020_September","Painted Caves"
"98","2020_September_CEME_2.6.4","2.6.4","CEME","EPI",-0.447,126.0159196,0.223479833178869,67,10,5,297.8,171,16,51,111,1,-3.44820163811843,276.2,0.5051,"2020_September","Painted Caves"
"99","2020_September_CEME_1.1.4","1.1.4","CEME","EPI",-1.644,93.56357928,0.264512570965126,62,4,7,365.1,132,16,46,79,1,-2.23830877879629,276.1,0.512,"2020_September","St. Marys"
"100","2020_September_CEME_1.2.4","1.2.4","CEME","EPI",-1.089,81.51171043,0.300311202346041,46,15,7,339.1,92,22,24,61,1,0.836507059446267,277.6,0.5451,"2020_September","St. Marys"
"101","2020_September_CEME_1.3.4","1.3.4","CEME","EPI",-2.113,112.830033,0.23121736770692,47,7,1,290,141,20,27,113,1,-1.85220236722265,273.6,0.4921,"2020_September","St. Marys"
"102","2020_September_CEME_1.4.4","1.4.4","CEME","EPI",-1.39,99.32743363,0.247281566329249,38,11,15,338.9,119,20,18,86,1,0.903896797077641,268.5,0.4929,"2020_September","St. Marys"
"103","2020_September_CEME_1.6.4","1.6.4","CEME","EPI",-3.628,69.83870968,0.324366571699905,34,11.5,12,395.5,171,1,33,126,1,-0.274826739511115,286.2,0.5509,"2020_September","St. Marys"
"104","2020_September_CEME_2.1.4","2.1.4","CEME","EPI",-1.082,102.5523013,0.229520966742409,49,7,14,331.4,165,33,16,135,1,-1.49070091081601,277.1,0.4649,"2020_September","Painted Caves"
"105","2020_September_CEME_2.2.4","2.2.4","CEME","EPI",-1.625,93.63970588,0.253460413897855,50,8,6,276.2,169,14,36,127,1,-2.43551105793021,279.6,0.4908,"2020_September","Painted Caves"
"106","2020_September_CEME_2.4.4","2.4.4","CEME","EPI",-0.987,109.5989761,0.219228170160798,41,10,5,311.4,82,11,30,48,1,0.726893032155732,287.9,0.4595,"2020_September","Painted Caves"
"107","2020_September_CEME_2.5.4","2.5.4","CEME","EPI",-3.85,83.55605048,0.287596076845298,43,13.5,4,338.8,156,19,24,128,1,-1.03504974996281,273.8,0.5279,"2020_September","Painted Caves"
"108","2020_September_CEME_2.6.4","2.6.4","CEME","EPI",-1.197,110.312076,0.243162451612903,52,3,1,304.3,112,15,37,74,1,-1.73778721289451,283.4,0.5114,"2020_September","Painted Caves"
"109","2020_September_CEME_1.1.4","1.1.4","CEME","EPI",-2.989,85.40225701,0.258033536226193,59,4,7,333.3,168,23,36,125,1,-3.07577279104816,278.3,0.4784,"2020_September","St. Marys"
"110","2020_September_CEME_1.4.4","1.4.4","CEME","EPI",-3.17,77.79329609,0.31457879025923,51,16,8,427.2,127,23,28,91,1,0.0108659068176892,274.1,0.5593,"2020_September","St. Marys"
"111","2020_September_CEME_1.5.4","1.5.4","CEME","EPI",-4.048,75.43010753,0.235421391357646,35,6,4,283.9,108,14,21,83,1,-0.0372823183751948,275.7,0.413,"2020_September","St. Marys"
"112","2020_September_CEME_1.6.4","1.6.4","CEME","EPI",-0.909,100.0726216,0.277399274047187,74,10,5,303.2,132,31,43,87,1,-2.89793128137109,273.7,0.555,"2020_September","St. Marys"
"113","2020_September_CEME_2.1.4","2.1.4","CEME","EPI",-3.183,90.43245312,0.261667584405145,47,10,5,405.7,146,30,17,124,1,-0.998553116544967,267.6,0.4983,"2020_September","Painted Caves"
"114","2020_September_CEME_2.4.4","2.4.4","CEME","EPI",-2.125,105.1388889,0.236035206499661,55,3.5,5,282.2,160,43,12,143,1,-2.86210164496618,272,0.4842,"2020_September","Painted Caves"
"115","2020_September_CEME_2.5.4","2.5.4","CEME","EPI",-1.27,125.6987902,0.22764853974122,40,9,10,347.7,89,22,18,61,1,1.07134445657211,283.8,0.5138,"2020_September","Painted Caves"
"116","2020_September_CEME_2.6.4","2.6.4","CEME","EPI",-2.56,100.5584364,0.250051809864757,50,13,4,300.6,104,35,15,85,1,-0.235137442443882,274.6,0.5015,"2020_September","Painted Caves"
"117","2020_September_CEME_1.1.4","1.1.4","CEME","EPI",-3.88,80.17742429,0.278614261460102,53,10,2,273.7,145,27,26,117,1,-2.07614320957785,267.5,0.502,"2020_September","St. Marys"
"118","2020_September_CEME_1.2.4","1.2.4","CEME","EPI",-6.085,64.95028409,0.287056189451023,58,1,1,298.5,137,33,25,111,1,-2.94661897802856,277.6,0.4735,"2020_September","St. Marys"
"119","2020_September_CEME_1.4.4","1.4.4","CEME","EPI",-3.961,76.08160394,0.259936296444267,8,10,15,355.9,60,3,5,40,1,4.49208402216316,269,0.4577,"2020_September","St. Marys"
"120","2020_September_CEME_1.5.4","1.5.4","CEME","EPI",-4.822,66.4791901,0.289886081081081,47,9,3,300.9,175,26,21,151,1,-2.38587433315899,261.5,0.4826,"2020_September","St. Marys"
"121","2020_September_CEME_1.6.4","1.6.4","CEME","EPI",-5.34,64.33591005,0.291658712850118,35,10,9,335.6,77,20,15,53,1,1.70683070945577,271.3,0.4793,"2020_September","St. Marys"
"122","2020_September_CEME_2.2.4","2.2.4","CEME","EPI",-5.136,78.7447428,0.30093192760181,51,10,2,316.1,125,32,19,104,1,-1.23250196015857,260.9,0.5379,"2020_September","Painted Caves"
"123","2020_September_CEME_2.3.4","2.3.4","CEME","EPI",-5.888,69.52983725,0.31021088,54,10,1,320.5,120,31,23,96,1,-1.37037094440226,272.1,0.5259,"2020_September","Painted Caves"
"124","2020_September_CEME_2.5.4","2.5.4","CEME","EPI",-5.687,68.93603547,0.291826429240862,40,10,2,303.8,108,22,18,88,1,-0.0890552878102091,275.4,0.493,"2020_September","Painted Caves"
"125","2020_September_CEME_2.6.4","2.6.4","CEME","EPI",-2.189,95.23635031,0.262195026276276,54,10,1,304.9,148,35,19,128,1,-2.15978537222622,278.7,0.5119,"2020_September","Painted Caves"
"126","2020_September_CEME_1.1.4","1.1.4","CEME","EPI",-1.184,99.5363766,0.229682430741734,69,4,2,314,168,23,46,120,1,-4.20777449283448,293.6,0.4583,"2020_September","St. Marys"
"127","2020_September_CEME_1.2.4","1.2.4","CEME","EPI",-0.394,105.897772,0.251095480585614,57,10,5,334.4,148,30,27,113,1,-1.95899310400656,284.1,0.517,"2020_September","St. Marys"
"128","2020_September_CEME_1.3.4","1.3.4","CEME","EPI",-1.02,125.4435309,0.232430710172745,61,5,3,330.5,99,38,23,73,1,-1.51550743338178,281.6,0.524,"2020_September","St. Marys"
"129","2020_September_CEME_1.4.4","1.4.4","CEME","EPI",-1.907,97.6366322,0.235583856502242,55,2,1,316,101,23,32,68,1,-1.66471724628792,275.2,0.4656,"2020_September","St. Marys"
"130","2020_September_CEME_1.5.4","1.5.4","CEME","EPI",-2.89,99.53033268,0.275897901137701,48,3.5,2,312.4,133,10,38,93,1,-1.89904403870579,282,0.5505,"2020_September","St. Marys"
"131","2020_September_CEME_1.6.4","1.6.4","CEME","EPI",-5.69,70.38585209,0.312408567654274,30,9,16,353.8,142,19,11,115,1,0.794368744127192,275.2,0.5323,"2020_September","St. Marys"
"132","2020_September_CEME_2.1.4","2.1.4","CEME","EPI",-2.738,106.1031084,0.220035497517013,36,12,12,394.7,104,16,20,72,1,1.4881743016491,274.3,0.4535,"2020_September","Painted Caves"
"133","2020_September_CEME_2.2.4","2.2.4","CEME","EPI",-0.902,96.54775604,0.302114871194379,54,10,5,291.9,133,22,32,99,1,-1.6005148786355,291.7,0.5938,"2020_September","Painted Caves"
"134","2020_September_CEME_2.3.4","2.3.4","CEME","EPI",-0.971,116.4839982,0.237338558120697,51,10,5,326.1,149,24,27,110,1,-1.56853992180269,273.8,0.5138,"2020_September","Painted Caves"
"135","2020_September_CEME_2.4.4","2.4.4","CEME","EPI",-3.987,85.05392912,0.287537801831807,59,5,3,373.9,124,25,34,87,1,-1.95249232704648,270.1,0.5321,"2020_September","Painted Caves"
"136","2020_September_CEME_2.5.4","2.5.4","CEME","EPI",-3.48,92.1602289,0.24344267421084,50,8,3,312.6,107,26,24,80,1,-0.814059656061638,271.4,0.4678,"2020_September","Painted Caves"
"137","2020_September_CEME_2.6.4","2.6.4","CEME","EPI",-3.336,86.33117987,0.293992664233577,40,8,7,383.6,113,15,25,81,1,0.215177470013383,287.3,0.5478,"2020_September","Painted Caves"
"138","2020_September_CEME_1.1.4","1.1.4","CEME","EPI",-5.007,75.63218391,0.337922120418848,47,10.25,5,396.5,134,20,27,102,1,-0.727603066991757,267.6,0.5935,"2020_September","St. Marys"
"139","2020_September_CEME_1.2.4","1.2.4","CEME","EPI",-5.178,68.33282536,0.32786237552055,42,12,5,317.7,119,14,28,86,1,-0.119259082416988,270.7,0.5519,"2020_September","St. Marys"
"140","2020_September_CEME_1.3.4","1.3.4","CEME","EPI",-5.177,73.03250067,0.300752747593915,44,3.5,2,285.4,117,27,17,98,1,-1.21102528285518,270.8,0.5204,"2020_September","St. Marys"
"141","2020_September_CEME_1.4.4","1.4.4","CEME","EPI",-4.841,71.73841604,0.305464561806353,53,9.25,4,326.7,139,25,28,107,1,-1.65956999889255,274,0.5246,"2020_September","St. Marys"
"142","2020_September_CEME_1.6.4","1.6.4","CEME","EPI",-6.791,NA,0.317550509731233,45,12.25,12,371.2,136,25,20,104,1,-0.02380147197425,276.8,0.5617,"2020_September","St. Marys"
"143","2020_September_CEME_2.1.4","2.1.4","CEME","EPI",-4.998,72.23642173,0.302026711185309,26,13,15,296.8,92,25,1,76,1,2.51775348162077,271.5,0.5202,"2020_September","Painted Caves"
"144","2020_September_CEME_2.2.4","2.2.4","CEME","EPI",-4.701,78.54842705,0.311176082130966,46,7,2,360.9,128,10,36,90,1,-1.15807659925911,279.1,0.5556,"2020_September","Painted Caves"
"145","2020_September_CEME_2.6.4","2.6.4","CEME","EPI",-5.603,66.03192383,0.279885933546972,54,5,1,314.6,161,10,44,116,1,-3.00856831965186,269.9,0.4647,"2020_September","Painted Caves"
"146","2020_September_CEME_1.1.4","1.1.4","CEME","EPI",-6.31,64.82900943,0.321970023251654,60,3,3,315.7,152,26,34,115,1,-3.14199815051496,277.3,0.5307,"2020_September","St. Marys"
"147","2020_September_CEME_1.2.4","1.2.4","CEME","EPI",-7.034,125.9367872,0.226966137871359,26,13.25,14,356.5,150,15,11,125,1,1.07046949427408,277.3,0.5128,"2020_September","St. Marys"
"148","2020_September_CEME_1.3.4","1.3.4","CEME","EPI",-5.99,63.26905418,0.305017997750281,48,3,2,299.3,123,12,36,85,1,-1.70979977280093,271.2,0.498,"2020_September","St. Marys"
"149","2020_September_CEME_1.3.4","1.3.4","CEME","EPI",-5.99,63.26905418,0.322535095613048,66,3,3,407.3,117,21,45,69,1,-2.32816254500232,268.7,0.5266,"2020_September","St. Marys"
"150","2020_September_CEME_1.4.4","1.4.4","CEME","EPI",-6.04,60.43385273,0.293454275376119,28,3,11,354.6,87,21,7,69,1,1.54317271486332,266.8,0.4708,"2020_September","St. Marys"
"151","2020_September_CEME_1.5.4","1.5.4","CEME","EPI",-6.49,61.51724138,0.314703245089667,39,11.5,3,336.8,138,4,35,100,1,-0.58499857744499,275.4,0.5083,"2020_September","St. Marys"
"152","2020_September_CEME_1.6.4","1.6.4","CEME","EPI",-10,29.66396292,0.446770241286863,24,12.5,15,431.5,152,2,22,115,1,1.36874421686093,271.2,0.5793,"2020_September","St. Marys"
"153","2020_September_CEME_2.2.4","2.2.4","CEME","EPI",-2.057,97.05071665,0.24729674080291,61,6.75,2,331.6,169,31,30,137,1,-3.34505914935989,274.1,0.4873,"2020_September","Painted Caves"
"154","2020_September_CEME_2.3.4","2.3.4","CEME","EPI",-7.196,62.75832982,0.320352267426795,53,10.75,5,360.7,168,39,14,149,1,-2.06252655034406,271.8,0.5214,"2020_September","Painted Caves"
"155","2020_September_CEME_2.4.4","2.4.4","CEME","EPI",-5.37,76.19272556,0.285312573726542,39,13,13,416.5,111,21,18,80,1,1.34438814210903,258.3,0.5027,"2020_September","Painted Caves"
"156","2020_September_CEME_2.5.4","2.5.4","CEME","EPI",-7.059,61.28964503,0.301321265789816,47,7,7,439.1,99,46,1,91,1,0.334337916755856,268,0.486,"2020_September","Painted Caves"
"157","2020_September_CEME_2.6.4","2.6.4","CEME","EPI",-6.491,62.88356452,0.337603122580645,38,9,6,314.4,126,8,30,90,1,-0.247768683471548,274.4,0.5499,"2020_September","Painted Caves"
"158","2020_September_CEME_1.1.4","1.1.4","CEME","EPI",-7.758,73.82212144,0.318141324829685,50,6.75,2,306.4,139,23,27,110,1,-1.88815730070859,271,0.553,"2020_September","St. Marys"
"159","2020_September_CEME_1.2.4","1.2.4","CEME","EPI",-8.1,52.03503349,0.333541545238902,44,3,3,324,138,18,26,109,1,-1.65017586489407,270.9,0.5071,"2020_September","St. Marys"
"160","2020_September_CEME_1.4.4","1.4.4","CEME","EPI",-8.848,47.87928222,0.302003088803089,43,7,4,292.3,130,15,28,98,1,-1.0699511450811,275.2,0.4466,"2020_September","St. Marys"
"161","2020_September_CEME_1.5.4","1.5.4","CEME","EPI",-7.822,55.79728692,0.319581945128963,49,5,3,297.8,164,14,35,126,1,-2.63384934058861,277.4,0.4979,"2020_September","St. Marys"
"162","2020_September_CEME_1.6.4","1.6.4","CEME","EPI",-7.922,46.89092762,0.368845107564191,35,12.5,4,338.8,151,13,22,125,1,-0.451206818986154,291.2,0.5418,"2020_September","St. Marys"
"163","2020_September_CEME_2.1.4","2.1.4","CEME","EPI",-6.421,60.2486452,0.290922896359658,47,2,1,310.7,118,22,25,92,1,-1.58378082611153,264.1,0.4662,"2020_September","Painted Caves"
"164","2020_September_CEME_2.3.4","2.3.4","CEME","EPI",-10,44.65658976,0.386294188817599,42,11,3,325.3,160,12,30,127,1,-1.43546594907471,263.4,0.5588,"2020_September","Painted Caves"
"165","2020_September_CEME_2.6.4","2.6.4","CEME","EPI",-9.28,47.77070064,0.327331465517241,37,14.5,2,344.1,116,8,29,85,1,0.372172712711492,274,0.4837,"2020_September","Painted Caves"
"166","2020_September_CEME_1.1.4","1.1.4","CEME","EPI",-10,40.56706652,0.396252133436773,38,18.5,5,349.3,138,13,25,108,1,0.312028729056259,260,0.557,"2020_September","St. Marys"
"167","2020_September_CEME_1.2.4","1.2.4","CEME","EPI",-9.395,44.84884646,0.360306631882466,46,11,10,375.3,183,26,20,153,1,-1.59228770286745,272.8,0.5219,"2020_September","St. Marys"
"168","2020_September_CEME_1.3.4","1.3.4","CEME","EPI",-10,NA,0.313140871177016,39,11.75,4,356.7,167,6,33,130,1,-1.19330021599681,271.6,0.5539,"2020_September","St. Marys"
"169","2020_September_CEME_1.3.4","1.3.4","CEME","EPI",-7.919,51.918286,0.371318038701213,27,17,8,430.4,141,10,17,116,1,1.35788487978906,273.8,0.5641,"2020_September","St. Marys"
"170","2020_September_CEME_1.4.4","1.4.4","CEME","EPI",-10,41.97389512,0.381337709677419,40,17,15,386.8,206,14,26,165,1,-0.920227347643562,272.2,0.5414,"2020_September","St. Marys"
"171","2020_September_CEME_1.5.4","1.5.4","CEME","EPI",-7.118,55.38030144,0.261551815926009,26,6,16,318,125,16,10,99,1,1.13876988624517,272.1,0.4064,"2020_September","St. Marys"
"172","2020_September_CEME_1.6.4","1.6.4","CEME","EPI",-8.667,52.41502683,0.346356924882629,45,11.5,4,326.5,117,25,20,93,1,-0.315806596411738,273.2,0.5279,"2020_September","St. Marys"
"173","2020_September_CEME_2.1.4","2.1.4","CEME","EPI",-10,45.82924436,0.366661709286676,38,13,13,332,205,17,21,171,1,-1.41818880570067,277.4,0.5347,"2020_September","Painted Caves"
"174","2020_September_CEME_2.2.4","2.2.4","CEME","EPI",-6.67,64.14665801,0.310454081834355,47,5,8,341.4,121,24,23,90,1,-0.781555778984573,282.8,0.5096,"2020_September","Painted Caves"
"175","2020_September_CEME_2.3.4","2.3.4","CEME","EPI",-8.217,56.18305745,0.357785286783042,55,9.25,6,363.3,126,33,22,98,1,-1.14530836024626,278.3,0.5588,"2020_September","Painted Caves"
"176","2020_September_CEME_2.4.4","2.4.4","CEME","EPI",-7.23,58.78667985,0.311235174418605,62,4.5,2,310.3,181,23,39,140,1,-4.03682264814755,276.1,0.4942,"2020_September","Painted Caves"
"177","2020_September_CEME_2.5.4","2.5.4","CEME","EPI",-8.001,56.18361153,0.287354092786009,49,1.5,2,322.9,176,16,33,141,1,-3.23543467660982,269,0.4488,"2020_September","Painted Caves"
"178","2020_September_CEME_2.6.4","2.6.4","CEME","EPI",-7.87,46.15384615,0.370363157894737,41,9,5,323.1,138,10,31,102,1,-0.815344097312023,265.8,0.5413,"2020_September","Painted Caves"
"179","2020_September_CEME_1.1.4","1.1.4","CEME","EPI",-10,43.19974755,0.319902798589687,40,12.5,5,328.9,105,27,13,87,1,0.532240528623872,277.4,0.4581,"2020_September","St. Marys"
"180","2020_September_CEME_1.3.4","1.3.4","CEME","EPI",-8.38,51.17647059,0.306727626459144,34,14,6,412.7,112,16,18,88,1,1.20770945595714,278.7,0.4637,"2020_September","St. Marys"
"181","2020_September_CEME_1.4.4","1.4.4","CEME","EPI",-9.11,48.82001706,0.366281371799771,39,15.5,5,365.3,125,19,20,100,1,0.413741406814027,293.2,0.5451,"2020_September","St. Marys"
"182","2020_September_CEME_1.5.4","1.5.4","CEME","EPI",-10,44.4506884,0.386498677300136,33,12,11,404.6,119,1,32,76,1,1.19369414964205,288.3,0.5583,"2020_September","St. Marys"
"183","2020_September_CEME_1.6.4","1.6.4","CEME","EPI",-1.89,45.66148298,0.37394923410181,32,15,8,381.4,153,23,9,136,1,0.399623174821777,268.9,0.5447,"2020_September","St. Marys"
"184","2020_September_CEME_2.3.4","2.3.4","CEME","EPI",-9.064,155.2264808,0.224859112627986,33,12,11,415.9,162,24,9,142,1,0.172152446821514,280.1,0.5739,"2020_September","Painted Caves"
"185","2020_September_CEME_2.4.4","2.4.4","CEME","EPI",-8.049,52.73752013,0.343726937269373,58,5.25,4,295.3,182,5,53,125,1,-3.69908362760281,267.9,0.525,"2020_September","Painted Caves"
"186","2020_September_CEME_2.5.4","2.5.4","CEME","EPI",-10,43.26980345,0.36169519850343,34,18.5,7,354.5,145,14,20,118,1,0.572206722851881,268.8,0.5182,"2020_September","Painted Caves"
"187","2020_September_CEME_2.2.4","2.2.4","CEME","EPI",-7.819,57.54357844,0.295473801348086,39,7.5,4,322.4,128,25,14,110,1,-0.548573307210218,271.8,0.4655,"2020_September","Painted Caves"
"188","2020_September_CEME_2.2.4","2.2.4","CEME","EPI",-10,38.70813397,0.351096929975854,32,17,7,376.4,134,18,14,113,1,0.970847115595134,274,0.487,"2020_September","Painted Caves"
"189","2020_September_CEME_2.2.4","2.2.4","CEME","EPI",-9.18,44.47574965,0.39757537261457,43,15,9,379.7,160,23,20,131,1,-0.491397159644991,275,0.5744,"2020_September","Painted Caves"
"190","2016_December_ADFA_1.1.1","1.1.1","ADFA","EPI",-0.5,67,0.308982035928144,28,14,5,329.6,87,8,20,62,1,1.9085190174855,275.2,0.516,"2016_December","St. Marys"
"191","2016_December_ADFA_1.2.1","1.2.1","ADFA","EPI",-0.8,69.31818182,0.311838926174497,46,6,2,296.1,91,22,24,65,1,-0.421853238270454,278.9,0.528,"2016_December","St. Marys"
"192","2016_December_ADFA_1.3.1","1.3.1","ADFA","EPI",-0.7,67.31707317,0.28030612244898,41,5,3,282.1,101,15,26,72,1,-0.43020956701729,276.9,0.469,"2016_December","St. Marys"
"193","2016_December_ADFA_1.4.1","1.4.1","ADFA","EPI",-0.5,74.72766885,0.289021197007481,36,11,7,327.3,85,18,18,60,1,1.32459036060869,280.1,0.505,"2016_December","St. Marys"
"194","2016_December_ADFA_1.5.1","1.5.1","ADFA","EPI",-0.4,88.04733728,0.264826935179358,50,6,3,308.8,107,11,39,65,1,-1.06088178202465,279.8,0.498,"2016_December","St. Marys"
"195","2016_December_ADFA_1.6.1","1.6.1","ADFA","EPI",-0.2,78.51162791,0.263288170922355,55,6,3,307.1,122,39,16,103,1,-1.70382189212122,279.6,0.47,"2016_December","St. Marys"
"196","2016_December_ADFA_1.1.1","1.1.1","ADFA","EPI",-0.3,159.0277778,0.189941018766756,28,15,6,292.8,94,6,22,66,1,1.74486488574989,278.5,0.492,"2016_December","St. Marys"
"197","2016_December_ADFA_1.2.1","1.2.1","ADFA","EPI",-0.6,145.5026455,0.217105603448276,34,8,2,306,84,10,24,58,1,0.762257192553605,275.9,0.533,"2016_December","St. Marys"
"198","2016_December_ADFA_1.3.1","1.3.1","ADFA","EPI",-0.4,135.5,0.2,44,7,1,287.9,92,14,30,61,1,-0.357316467177148,271.7,0.471,"2016_December","St. Marys"
"199","2016_December_ADFA_1.4.1","1.4.1","ADFA","EPI",-0.4,68.23734729,0.326324688796681,51,1,1,306,162,19,32,129,1,-3.16073502715648,271.3,0.549,"2016_December","St. Marys"
"200","2016_December_ADFA_1.5.1","1.5.1","ADFA","EPI",-0.4,60.33898305,0.332420718816068,31,10,9,379.3,101,15,16,76,1,1.47096044764166,277.2,0.533,"2016_December","St. Marys"
"201","2016_December_ADFA_1.6.1","1.6.1","ADFA","EPI",-0.2,83.47169811,0.285057589469354,49,10,6,316.8,69,46,3,60,1,0.765562274182364,277.9,0.523,"2016_December","St. Marys"
"202","2016_December_ADFA_1.1.1","1.1.1","ADFA","EPI",-0.4,76.44628099,0.274304449648712,37,10,4,341.9,119,3,34,81,1,0.0234520490856676,276,0.484,"2016_December","St. Marys"
"203","2016_December_ADFA_1.2.1","1.2.1","ADFA","EPI",-0.7,55.45722714,0.340929791271347,34,8,2,286.3,70,16,18,50,1,1.0958639241431,283.9,0.53,"2016_December","St. Marys"
"204","2016_December_ADFA_1.3.1","1.3.1","ADFA","EPI",-0.5,198.1481481,0.15160248447205,43,7,3,289.4,91,14,29,59,1,-0.109016352637899,286.4,0.452,"2016_December","St. Marys"
"205","2016_December_ADFA_1.4.1","1.4.1","ADFA","EPI",-0.5,91.88405797,0.279335347432024,52,8,7,306.2,130,15,37,86,1,-1.34726552076906,279.1,0.536,"2016_December","St. Marys"
"206","2016_December_ADFA_1.5.1","1.5.1","ADFA","EPI",-0.6,80.4377565,0.277658074298711,47,12,13,310.3,144,8,39,92,1,-0.606434454708189,279.5,0.501,"2016_December","St. Marys"
"207","2016_December_ADFA_1.6.1","1.6.1","ADFA","EPI",-0.4,95.52238806,0.272603053435114,38,12,12,321.6,103,35,3,88,1,1.2032040252374,273,0.533,"2016_December","St. Marys"
"208","2016_December_ADFA_1.1.1","1.1.1","ADFA","EPI",-0.5,122.513089,0.227402352941176,45,8,1,287.8,131,15,30,100,1,-1.38588987916726,276.7,0.506,"2016_December","St. Marys"
"209","2016_December_ADFA_1.2.1","1.2.1","ADFA","EPI",-0.8,NA,0.158811650485437,23,10,12,294.7,81,23,0.5,69,1,2.51103099146381,283,0.508,"2016_December","St. Marys"
"210","2016_December_ADFA_1.3.1","1.3.1","ADFA","EPI",-0.6,112.4,0.229755178907721,40,7,5,321.7,83,15,25,53,1,0.577185088813102,271.9,0.488,"2016_December","St. Marys"
"211","2016_December_ADFA_1.4.1","1.4.1","ADFA","EPI",-0.8,106.3829787,0.248082474226804,31,10,5,306,102,12,19,78,1,0.887827963954515,277.2,0.512,"2016_December","St. Marys"
"212","2016_December_ADFA_1.5.1","1.5.1","ADFA","EPI",-1,78.15491732,0.285706399609184,35,10,8,320,117,20,15,94,1,0.505187108840335,282.8,0.509,"2016_December","St. Marys"
"213","2016_December_ADFA_1.6.1","1.6.1","ADFA","EPI",-1.3,74.22053232,0.288140549978176,37,11,3,316,101,19,18,80,1,0.497439572254742,279.4,0.502,"2016_December","St. Marys"
"214","2016_December_ADFA_1.1.1","1.1.1","ADFA","EPI",-0.9,88.88888889,0.274764705882353,28,16,4,292.6,89,6,22,63,1,1.81808961800476,284.6,0.519,"2016_December","St. Marys"
"215","2016_December_ADFA_1.2.1","1.2.1","ADFA","EPI",-1,135.2024922,0.201953642384106,27,14,6,337.4,61,22,5,50,1,2.83523569474409,278.9,0.475,"2016_December","St. Marys"
"216","2016_December_ADFA_1.3.1","1.3.1","ADFA","EPI",-0.7,135,0.205531914893617,35,11,3,294.5,100,14,21,76,1,0.569909845875161,288.4,0.483,"2016_December","St. Marys"
"217","2016_December_ADFA_1.4.1","1.4.1","ADFA","EPI",-1.2,67.05069124,0.303500689655172,39,2,1,294,99,13,26,72,1,-0.607572717232235,273.6,0.507,"2016_December","St. Marys"
"218","2016_December_ADFA_1.5.1","1.5.1","ADFA","EPI",-1.4,78.21401078,0.27887818574514,29,10,4,317.8,77,12,17,56,1,1.66707850777211,277.3,0.497,"2016_December","St. Marys"
"219","2016_December_ADFA_1.6.1","1.6.1","ADFA","EPI",-1.6,77.69284225,0.278007821666015,39,7,10,331.9,73,17,22,41,1,1.324882989385,280.8,0.494,"2016_December","St. Marys"
"220","2016_December_ADFA_1.1.1","1.1.1","ADFA","EPI",-1.1,NA,0.0711264367816092,23,15,9,296.4,102,12,11,82,1,2.13656623877798,285.6,0.476,"2016_December","St. Marys"
"221","2016_December_ADFA_1.2.1","1.2.1","ADFA","EPI",-0.7,49.10179641,0.327293172690763,33,10,4,292.9,91,11,22,65,1,0.921237788577541,278,0.488,"2016_December","St. Marys"
"222","2016_December_ADFA_1.3.1","1.3.1","ADFA","EPI",-0.9,71.5210356,0.306667924528302,52,8,5,299.5,131,26,26,100,1,-1.49775888723122,274.3,0.526,"2016_December","St. Marys"
"223","2016_December_ADFA_1.4.1","1.4.1","ADFA","EPI",-1.8,76.5743073,0.28769757489301,35,12,7,304.1,92,9,26,59,1,1.1754170308281,276.3,0.508,"2016_December","St. Marys"
"224","2016_December_ADFA_1.5.1","1.5.1","ADFA","EPI",-2,91.44634526,0.263781478472786,30,13,3,301.9,111,14,16,92,1,0.821324762930457,272.8,0.505,"2016_December","St. Marys"
"225","2016_December_ADFA_1.6.1","1.6.1","ADFA","EPI",-2.4,71.22093023,0.293772495755518,44,6,4,277.6,115,14,30,81,1,-0.877169289903733,271.6,0.503,"2016_December","St. Marys"
"226","2016_December_ADFA_1.1.1","1.1.1","ADFA","EPI",-2.1,179.0613718,0.188489003880983,48,1,1,300.3,126,9,39,86,1,-2.0441634262151,281.6,0.526,"2016_December","St. Marys"
"227","2016_December_ADFA_1.2.1","1.2.1","ADFA","EPI",-2.2,98.24561404,0.258265486725664,32,12,6,348.5,97,9,23,68,1,1.33017104989676,271.2,0.512,"2016_December","St. Marys"
"228","2016_December_ADFA_1.3.1","1.3.1","ADFA","EPI",-1.7,75.45023697,0.275861696380335,35,8,6,306.5,95,17,18,71,1,0.719876975574932,272.1,0.484,"2016_December","St. Marys"
"229","2016_December_ADFA_1.4.1","1.4.1","ADFA","EPI",-2.5,70.32085561,0.308828885400314,42,5,2,298,104,17,25,77,1,-0.591184558019689,274.7,0.526,"2016_December","St. Marys"
"230","2016_December_ADFA_1.5.1","1.5.1","ADFA","EPI",-2.6,75.29411765,0.294362416107383,54,4,2,293.6,147,17,37,108,1,-2.68793499719401,282.3,0.516,"2016_December","St. Marys"
"231","2016_December_ADFA_1.6.1","1.6.1","ADFA","EPI",-4.9,76.2962963,0.273970588235294,32,9,8,301.7,97,15,17,72,1,1.0834893884636,267.7,0.483,"2016_December","St. Marys"
"232","2016_December_ADFA_1.1.1","1.1.1","ADFA","EPI",-2.7,62.83524904,0.304602352941176,49,11,3,302.3,133,7,42,88,1,-1.29952633110963,272.3,0.496,"2016_December","St. Marys"
"233","2016_December_ADFA_1.2.1","1.2.1","ADFA","EPI",-2.8,170.3125,0.183861271676301,44,9,3,294.7,109,19,25,81,1,-0.452302588399936,271.6,0.497,"2016_December","St. Marys"
"234","2016_December_ADFA_1.3.1","1.3.1","ADFA","EPI",-2.7,67.54716981,0.320506756756757,19,9,15,288.4,114,16,3,96,1,2.00730750893844,275.1,0.537,"2016_December","St. Marys"
"235","2016_December_ADFA_1.4.1","1.4.1","ADFA","EPI",-4.1,93.49522984,0.2635723890632,47,10,7,284.1,148,32,15,126,1,-1.31461600930722,280.5,0.51,"2016_December","St. Marys"
"236","2016_December_ADFA_1.5.1","1.5.1","ADFA","EPI",-3.6,59.26660059,0.317706285003111,34,8,8,354.5,95,15,19,68,1,1.09241896549867,273,0.506,"2016_December","St. Marys"
"237","2016_December_ADFA_1.6.1","1.6.1","ADFA","EPI",-5.9,61.41732283,0.292409756097561,37,15,7,297.5,112,13,21,84,1,0.832088175681837,281.5,0.472,"2016_December","St. Marys"
"238","2016_December_ADFA_1.1.1","1.1.1","ADFA","EPI",-3.1,65.03667482,0.290238518518519,31,12,5,281.7,96,6,25,66,1,1.11248767182705,270.2,0.479,"2016_December","St. Marys"
"239","2016_December_ADFA_1.2.1","1.2.1","ADFA","EPI",-2.8,64.47761194,0.270553539019964,29,6,3,306,91,6,23,65,1,0.809167901979111,275.9,0.445,"2016_December","St. Marys"
"240","2016_December_ADFA_1.3.1","1.3.1","ADFA","EPI",-3,62.6252505,0.301921133703019,43,7,1,288.2,110,11,32,77,1,-0.782475174821685,277.4,0.491,"2016_December","St. Marys"
"241","2016_December_ADFA_1.4.1","1.4.1","ADFA","EPI",-4.9,91.99318569,0.260946761313221,37,10,4,301.9,112,13,21,84,1,0.236715469905917,278.1,0.501,"2016_December","St. Marys"
"242","2016_December_ADFA_1.5.1","1.5.1","ADFA","EPI",-4.5,58.68852459,0.318863636363636,36,12,4,295.8,87,9,27,56,1,0.991927662757572,279.3,0.506,"2016_December","St. Marys"
"243","2016_December_ADFA_1.6.1","1.6.1","ADFA","EPI",-5.6,60.53683609,0.302734258271078,30,14,6,311.9,85,16,14,65,1,1.86786339966919,270.9,0.486,"2016_December","St. Marys"
"244","2016_December_ADFA_1.1.1","1.1.1","ADFA","EPI",-3.4,94.95268139,0.265705501618123,18,12,9,316.4,57,15,3,45,1,3.51968208234546,275.1,0.518,"2016_December","St. Marys"
"245","2016_December_ADFA_1.2.1","1.2.1","ADFA","EPI",-3.6,67.15328467,0.313484716157205,26,15,6,311.9,69,16,10,53,1,2.66374237391645,276.4,0.524,"2016_December","St. Marys"
"246","2016_December_ADFA_1.3.1","1.3.1","ADFA","EPI",-3.8,88.46641318,0.268482851378615,30,11,5,339.8,87,16,14,68,1,1.57923902993316,272.2,0.506,"2016_December","St. Marys"
"247","2016_December_ADFA_1.4.1","1.4.1","ADFA","EPI",-5.1,51.12107623,0.33019881305638,28,12,6,302.3,112,9,19,87,1,1.04872185646099,274.8,0.499,"2016_December","St. Marys"
"248","2016_December_ADFA_1.5.1","1.5.1","ADFA","EPI",-4.7,78.26086957,0.264780487804878,46,6,2,328,126,25,21,103,1,-1.24070541721524,284.7,0.472,"2016_December","St. Marys"
"249","2016_December_ADFA_1.6.1","1.6.1","ADFA","EPI",-5.3,55.40704739,0.317874902267396,47,6,5,304.6,92,17,30,57,1,-0.290944808209798,272.6,0.494,"2016_December","St. Marys"
"250","2016_December_ADFA_1.1.1","1.1.1","ADFA","EPI",-4,79.52755906,0.287421052631579,27,9,4,295.1,86,3,24,58,1,1.3642937047283,276.8,0.516,"2016_December","St. Marys"
"251","2016_December_ADFA_1.2.1","1.2.1","ADFA","EPI",-4.1,106.0773481,0.221761394101877,19,11,8,328.5,85,3,16,61,1,2.5299330226729,267.5,0.457,"2016_December","St. Marys"
"252","2016_December_ADFA_1.3.1","1.3.1","ADFA","EPI",-3.9,87.93686584,0.272431913617277,39,7,7,295.4,135,14,25,103,1,-0.698382389393384,284.5,0.512,"2016_December","St. Marys"
"253","2016_December_ADFA_1.4.1","1.4.1","ADFA","EPI",-5.6,47.07996406,0.347430054978619,26,9,14,305.3,103,22,4,85,1,1.8225034153597,270.2,0.511,"2016_December","St. Marys"
"254","2016_December_ADFA_1.5.1","1.5.1","ADFA","EPI",-5.1,76.75675676,0.268165137614679,38,1,1,305.4,89,14,24,64,1,-0.311364635019927,279.2,0.474,"2016_December","St. Marys"
"255","2016_December_ADFA_1.6.1","1.6.1","ADFA","EPI",-5.8,56.04900459,0.338996074582924,42,9,6,290.4,96,16,26,64,1,0.229332554467529,279.3,0.529,"2016_December","St. Marys"
"256","2016_December_ADFA_1.1.1","1.1.1","ADFA","EPI",-4.2,112.6252505,0.246442978322337,20,15,7,380,88,7,13,68,1,2.84247912206495,275,0.524,"2016_December","St. Marys"
"257","2016_December_ADFA_1.2.1","1.2.1","ADFA","EPI",-4.2,99.69135802,0.255394126738794,45,4,1,285.3,94,17,28,65,1,-0.734945817371238,272.2,0.51,"2016_December","St. Marys"
"258","2016_December_ADFA_1.3.1","1.3.1","ADFA","EPI",-4,102.5641026,0.245354430379747,24,16,4,298.8,72,12,12,56,1,2.60118473717136,272.1,0.497,"2016_December","St. Marys"
"259","2016_December_ADFA_1.4.1","1.4.1","ADFA","EPI",-7,65.8045977,0.317240901213172,23,12,9,379,99,9,14,76,1,2.23053502818062,278.4,0.526,"2016_December","St. Marys"
"260","2016_December_ADFA_1.5.1","1.5.1","ADFA","EPI",-6.4,63.83601757,0.289313672922252,33,8,6,307.3,105,14,19,80,1,0.581456301686951,278.8,0.474,"2016_December","St. Marys"
"261","2016_December_ADFA_1.6.1","1.6.1","ADFA","EPI",-7.9,54.26439232,0.3273600552868,31,14,6,323.7,112,10,21,85,1,1.08777100209451,279.9,0.505,"2016_December","St. Marys"
"262","2016_December_ADFA_1.1.1","1.1.1","ADFA","EPI",-4.7,114.4508671,0.237350404312668,24,15,11,294.3,84,16,8,65,1,2.70596544909253,275.2,0.509,"2016_December","St. Marys"
"263","2016_December_ADFA_1.2.1","1.2.1","ADFA","EPI",-4.5,125.6410256,0.214056818181818,26,8,7,318,90,12,14,69,1,1.57623678408927,275.9,0.483,"2016_December","St. Marys"
"264","2016_December_ADFA_1.3.1","1.3.1","ADFA","EPI",-6.2,85.00590319,0.268099553286535,13,12,10,361.4,79,6,7,62,1,3.46858234120328,276.8,0.496,"2016_December","St. Marys"
"265","2016_December_ADFA_1.4.1","1.4.1","ADFA","EPI",-6.5,60.02971768,0.2949452181987,23,12,10,318.4,73,10,13,50,1,2.79883544751917,280.1,0.472,"2016_December","St. Marys"
"266","2016_December_ADFA_1.5.1","1.5.1","ADFA","EPI",-5.9,66.66666667,0.2892,27,12,9,347.5,120,14,13,98,1,1.29881899046061,275.4,0.482,"2016_December","St. Marys"
"267","2016_December_ADFA_1.6.1","1.6.1","ADFA","EPI",-7,54.44579781,0.319205835962145,23,11,10,333.1,121,4,19,92,1,1.44851515042587,272.6,0.493,"2016_December","St. Marys"
"268","2016_December_ADFA_1.1.1","1.1.1","ADFA","EPI",-5,159.5238095,0.19805504587156,16,16,9,351.2,92,6,10,73,1,3.14422762314214,278.6,0.514,"2016_December","St. Marys"
"269","2016_December_ADFA_1.2.1","1.2.1","ADFA","EPI",-6.7,NA,0.263447636700649,18,19,5,300.7,79,9,9,65,1,3.15775267743315,268,0.466,"2016_December","St. Marys"
"270","2016_December_ADFA_1.3.1","1.3.1","ADFA","EPI",-6.6,153.7735849,0.191509293680297,12,12,9,293.4,83,5,7,67,1,3.12069996357427,273.7,0.486,"2016_December","St. Marys"
"271","2016_December_ADFA_1.4.1","1.4.1","ADFA","EPI",-8.7,53.53159851,0.340646489104116,31,9,4,304.4,83,12,19,60,1,1.23405476221528,281.6,0.523,"2016_December","St. Marys"
"272","2016_December_ADFA_1.5.1","1.5.1","ADFA","EPI",-7.3,52.5477707,0.338254697286013,27,13,9,315.2,94,19,8,77,1,1.99338873424648,278.1,0.516,"2016_December","St. Marys"
"273","2016_December_ADFA_1.6.1","1.6.1","ADFA","EPI",-9.8,48.51485149,0.348113333333333,14,15,13,369.3,86,9,5,68,1,3.72674169972705,276.9,0.517,"2016_December","St. Marys"
"274","2016_December_ADFA_1.1.1","1.1.1","ADFA","EPI",-6.3,63.003663,0.301833707865169,10,15,10,324.1,64,5,5,49,1,4.20714067544399,283.6,0.492,"2016_December","St. Marys"
"275","2016_December_ADFA_1.2.1","1.2.1","ADFA","EPI",-5.6,85.82375479,0.283063917525773,31,8,8,291.9,107,12,19,80,1,0.752916297271629,278.2,0.526,"2016_December","St. Marys"
"276","2016_December_ADFA_1.3.1","1.3.1","ADFA","EPI",-5.5,31.60245673,0.395889266016122,24,15,11,343.9,131,1,23,97,1,1.55063905774953,277,0.521,"2016_December","St. Marys"
"277","2016_December_ADFA_1.4.1","1.4.1","ADFA","EPI",-8.85,46.44549763,0.357129449838188,45,4,2,309.4,125,12,33,90,1,-1.43307774246169,276.9,0.523,"2016_December","St. Marys"
"278","2016_December_ADFA_1.5.1","1.5.1","ADFA","EPI",-7.65,43.86206897,0.337823585810163,38,7,6,340.5,125,7,31,88,1,-0.307155334126519,279.4,0.486,"2016_December","St. Marys"
"279","2016_December_ADFA_1.6.1","1.6.1","ADFA","EPI",-9.3,50.39787798,0.338435626102293,24,13,6,305.9,81,11,13,62,1,2.26837292751289,279.7,0.509,"2016_December","St. Marys"
"280","2016_December_ADFA_1.1.1","1.1.1","ADFA","EPI",-7.2,48.96640827,0.32289158716392,16,27,6,310.6,71,5,11,54,1,4.28964468676068,274.1,0.481,"2016_December","St. Marys"
"281","2016_December_ADFA_1.2.1","1.2.1","ADFA","EPI",-7.4,44.55445545,0.361801369863014,30,15,5,293.1,86,14,16,65,1,1.78090725661787,274.1,0.523,"2016_December","St. Marys"
"282","2016_December_ADFA_1.3.1","1.3.1","ADFA","EPI",-7.1,37.06521739,0.361141950832673,16,18,5,330.5,88,7,9,74,1,3.06397673883501,270.7,0.495,"2016_December","St. Marys"
"283","2016_December_ADFA_1.4.1","1.4.1","ADFA","EPI",-7.72,59.2445328,0.319634207240949,38,7,6,318,112,16,22,84,1,0.00241730495321035,277.7,0.509,"2016_December","St. Marys"
"284","2016_December_ADFA_1.5.1","1.5.1","ADFA","EPI",-8.91,51.20934112,0.328022062879206,31,12,6,300.6,93,2,29,58,1,1.31445270673749,276,0.496,"2016_December","St. Marys"
"285","2016_December_ADFA_1.6.1","1.6.1","ADFA","EPI",-8.2,61.34715026,0.309890815671163,38,11,5,297.2,109,23,15,89,1,0.3108173546962,276.9,0.5,"2016_December","St. Marys"
"286","2016_December_ADFA_1.1.1","1.1.1","ADFA","EPI",-8.2,21.52974504,0.394965034965035,11,17,13,320.5,110,5,6,91,1,3.2794835570707,278.9,0.48,"2016_December","St. Marys"
"287","2016_December_ADFA_1.2.1","1.2.1","ADFA","EPI",-8.4,112.5,0.227764705882353,16,17,6,337.5,73,12,4,63,1,3.49918175478918,278.2,0.484,"2016_December","St. Marys"
"288","2016_December_ADFA_1.3.1","1.3.1","ADFA","EPI",-8.5,46.16831218,0.354385976198134,26,16,7,368.7,75,19,7,61,1,2.86857825844591,272.6,0.518,"2016_December","St. Marys"
"289","2016_December_ADFA_1.1.1","1.1.1","ADFA","EPI",-9.1,39.01192504,0.376226715686275,14,20,11,332.1,94,1,13,70,1,3.63374589782288,279.9,0.523,"2016_December","St. Marys"
"290","2016_December_ADFA_1.2.1","1.2.1","ADFA","EPI",-9.5,49.35805991,0.360208213944604,25,14,3,297.5,104,6,19,82,1,1.39708011449934,279.3,0.538,"2016_December","St. Marys"
"291","2016_December_ADFA_1.3.1","1.3.1","ADFA","EPI",-9.5,NA,0.123636363636364,33,8,2,310,121,4,29,90,1,-0.173297762270197,274.7,0.51,"2016_December","St. Marys"
"292","2018_January_ADFA_1.1.2","1.1.2","ADFA","EPI",-0.7,79.21760391,0.295227694406548,34,7.5,15,313.7,113,25,9,89,1,0.979280429590068,280.3,0.5291,"2018_January","St. Marys"
"293","2018_January_ADFA_1.2.2","1.2.2","ADFA","EPI",-0.5,80.69278819,0.267691923318668,34,6,6,297.1,110,6,28,76,1,0.137325313916532,281.2,0.4837,"2018_January","St. Marys"
"294","2018_January_ADFA_1.3.2","1.3.2","ADFA","EPI",-0.6,75.40239373,0.279243623529412,29,13,3,296.2,91,8,21,67,1,1.3844360483475,281.6,0.4898,"2018_January","St. Marys"
"295","2018_January_ADFA_1.4.2","1.4.2","ADFA","EPI",-0.8,82.41324921,0.245870298313878,33,6,1,287.2,69,10,23,45,1,0.926237576468339,280.4,0.4485,"2018_January","St. Marys"
"296","2018_January_ADFA_1.2.2","1.2.2","ADFA","EPI",-1.4,79.1101465,0.282842714328991,42,5.5,1,285.3,104,16,26,77,1,-0.669103901308689,276.1,0.5066,"2018_January","St. Marys"
"297","2018_January_ADFA_1.3.2","1.3.2","ADFA","EPI",-1.2,78.96048416,0.277882574099861,46,4.5,1,297.4,135,10,36,98,1,-1.85151973549477,280.2,0.4973,"2018_January","St. Marys"
"298","2018_January_ADFA_1.2.2","1.2.2","ADFA","EPI",-3.7,76.40181341,0.284323505545036,33,14,6,310.2,106,17,16,84,1,1.09173790342857,282.2,0.5015,"2018_January","St. Marys"
"299","2018_January_ADFA_1.3.2","1.3.2","ADFA","EPI",-2.8,69.3393332,0.312551220101474,51,4,1,303.3,126,9,42,83,1,-1.98654427874582,282.2,0.5291,"2018_January","St. Marys"
"300","2018_January_ADFA_1.5.2","1.5.2","ADFA","EPI",-3.2,76.6401256,0.287547752666328,41,7,3,278.2,93,25,16,74,1,-0.0155127509804751,277.9,0.5079,"2018_January","St. Marys"
"301","2018_January_ADFA_1.6.2","1.6.2","ADFA","EPI",-3.9,68.6137392,0.31481990567572,35,8.5,9,299.7,107,14,21,77,1,0.623909582960989,277.1,0.5308,"2018_January","St. Marys"
"302","2018_January_ADFA_1.1.2","1.1.2","ADFA","EPI",-3.2,73.80518059,0.322429974811083,26,8,9,340.8,114,5,21,84,1,1.12661711381172,278.5,0.5604,"2018_January","St. Marys"
"303","2018_January_ADFA_1.2.2","1.2.2","ADFA","EPI",-4.8,64.80388754,0.314130939342881,24,11.5,13,320,113,14,10,90,1,1.85235769279449,277.1,0.5177,"2018_January","St. Marys"
"304","2018_January_ADFA_1.3.2","1.3.2","ADFA","EPI",-3.6,68.71265617,0.290849549259498,26,17,7,318.6,82,5,21,54,1,2.53643419027712,278.4,0.4907,"2018_January","St. Marys"
"305","2018_January_ADFA_1.5.2","1.5.2","ADFA","EPI",-5,70.48143946,0.301811335108406,41,7,2,288.9,117,9,32,83,1,-0.763332233053112,280.9,0.5144,"2018_January","St. Marys"
"306","2018_January_ADFA_1.6.2","1.6.2","ADFA","EPI",-4.3,60.72889904,0.318537359384251,21,19,8,339.3,106,6,15,83,1,2.56133806433212,281.6,0.512,"2018_January","St. Marys"
"307","2018_January_ADFA_1.1.2","1.1.2","ADFA","EPI",-4.2,53.8136372,0.339263512544803,30,13,9,305.5,112,6,24,79,1,1.212408551229,276.8,0.5218,"2018_January","St. Marys"
"308","2018_January_ADFA_1.2.2","1.2.2","ADFA","EPI",-3.2,73.24040613,0.291465911799762,39,6,5,337.4,98,16,23,70,1,0.216239790702341,278.7,0.5049,"2018_January","St. Marys"
"309","2018_January_ADFA_1.3.2","1.3.2","ADFA","EPI",-4.8,57.70266228,0.3101406107739,49,4.5,2,285.3,139,4,45,92,1,-2.16230619871208,272.1,0.4891,"2018_January","St. Marys"
"310","2018_January_ADFA_1.5.2","1.5.2","ADFA","EPI",-6.3,53.58879039,0.341431167380376,55,4.5,4,302.9,138,5,50,84,1,-2.34478863336319,281.8,0.5244,"2018_January","St. Marys"
"311","2018_January_ADFA_1.2.2","1.2.2","ADFA","EPI",-6.3,58.37442922,0.306825230627306,21,13.5,11,327,119,5,16,92,1,1.91315860646746,279.6,0.4859,"2018_January","St. Marys"
"312","2018_January_ADFA_1.3.2","1.3.2","ADFA","EPI",-6.2,50.23451399,0.317653907427341,19,14,10,320.1,101,16,3,88,1,2.52868492415587,278.8,0.4772,"2018_January","St. Marys"
"313","2018_January_ADFA_1.6.2","1.6.2","ADFA","EPI",-9.6,42.32008593,0.343451169811321,36,10,6,285.4,177,11,25,146,1,-1.47957988877268,281.3,0.4888,"2018_January","St. Marys"
"314","2018_January_ADFA_1.1.2","1.1.2","ADFA","EPI",-5.4,49.11491992,0.306331198191409,34,6,2,290.8,113,10,24,87,1,-0.240840935138457,281,0.457,"2018_January","St. Marys"
"315","2018_January_ADFA_1.2.2","1.2.2","ADFA","EPI",-9,50.52899687,0.344784068723155,26,11,7,283.4,126,8,18,101,1,0.730892582414988,278.8,0.519,"2018_January","St. Marys"
"316","2018_January_ADFA_1.3.2","1.3.2","ADFA","EPI",-6.7,57.3281724,0.311971276595745,17,13,13,300.5,135,8,9,113,1,1.78817635554922,281.3,0.4908,"2018_January","St. Marys"
"317","2018_January_ADFA_1.4.2","1.4.2","ADFA","EPI",-6.4,60.97863116,0.305382146979608,29,5,1,282.1,82,6,23,58,1,0.737055723506968,279.8,0.4916,"2018_January","St. Marys"
"318","2018_January_ADFA_1.5.2","1.5.2","ADFA","EPI",-6.2,59.11965596,0.331637217806041,20,12,14,316.5,113,11,9,90,1,2.22401899601797,281.8,0.5277,"2018_January","St. Marys"
"319","2018_January_ADFA_1.6.2","1.6.2","ADFA","EPI",-5.2,66.58701712,0.288092956175299,35,13,7,382.1,104,5,30,67,1,1.18951569948416,278.7,0.4799,"2018_January","St. Marys"
"320","2018_January_ADFA_1.2.2","1.2.2","ADFA","EPI",-9.9,47.54313169,0.304385568383659,9,11.5,18,307.9,102,4,5,79,1,3.48096681416652,283.6,0.4491,"2018_January","St. Marys"
"321","2018_January_ADFA_1.3.2","1.3.2","ADFA","EPI",-10,44.3403355,0.350022361809045,22,14.5,9,302.7,124,7,15,100,1,1.57328191822523,276,0.5052,"2018_January","St. Marys"
"322","2018_January_ADFA_1.4.2","1.4.2","ADFA","EPI",-7.7,49.12280702,0.327258952352767,41,5,4,287,143,5,36,103,1,-1.51053107188215,282.8,0.488,"2018_January","St. Marys"
"323","2018_January_ADFA_1.5.2","1.5.2","ADFA","EPI",-8.1,50.2292769,0.327033458558347,32,11.5,4,289.2,102,12,20,78,1,0.815778055501445,276.2,0.4913,"2018_January","St. Marys"
"324","2018_January_ADFA_1.6.2","1.6.2","ADFA","EPI",-3,73.28872877,0.312333795288062,22,10,22,331.7,95,8,14,59,1,3.02088175886742,279.1,0.5412,"2018_January","St. Marys"
"325","2018_January_ADFA_1.1.2","1.1.2","ADFA","EPI",-7.6,55.32424742,0.291856671808716,31,13,10,305,136,14,17,109,1,0.601965228076585,276.8,0.4533,"2018_January","St. Marys"
"326","2018_January_ADFA_1.3.2","1.3.2","ADFA","EPI",-10,38.72118551,0.378456973293769,18,18,12,298.9,96,5,13,71,1,3.10423550854577,278.4,0.525,"2018_January","St. Marys"
"327","2018_January_ADFA_1.5.2","1.5.2","ADFA","EPI",-10,37.26759975,0.339628580124791,36,8.5,4,288.4,140,7,29,107,1,-0.766436857828269,283.4,0.4662,"2018_January","St. Marys"
"328","2018_January_ADFA_1.6.2","1.6.2","ADFA","EPI",-9.2,45.67920184,0.324564348925411,17,10,16,305.9,134,1,16,102,1,1.76654532881842,281.8,0.4728,"2018_January","St. Marys"
"329","2018_January_ADFA_1.1.2","1.1.2","ADFA","EPI",-5.7,61.67923828,0.30735142245335,30,15.5,7,280.8,122,8,22,93,1,0.935493028995308,281.3,0.4969,"2018_January","St. Marys"
"330","2018_January_ADFA_1.3.2","1.3.2","ADFA","EPI",-9.5,42.10526316,0.355581481481481,34,12,3,287.9,130,1,33,94,1,-0.157085945076932,281.3,0.5053,"2018_January","St. Marys"
"331","2018_January_ADFA_1.4.2","1.4.2","ADFA","EPI",-8.4,50.09176084,0.307355225225225,17,12,8,316.8,88,9,8,72,1,2.65990812335173,282.6,0.4613,"2018_January","St. Marys"
"332","2018_January_ADFA_1.5.2","1.5.2","ADFA","EPI",-9.3,48.88059701,0.357602005012531,36,7.5,2,293.7,144,12,24,118,1,-1.06709629405806,282.8,0.5324,"2018_January","St. Marys"
"333","2018_January_ADFA_1.1.2","1.1.2","ADFA","EPI",-5.7,61.67923828,0.328814683389416,50,7,2,283.4,110,5,45,63,1,-1.24080318567932,278.7,0.5316,"2018_January","St. Marys"
"334","2018_January_ADFA_1.2.2","1.2.2","ADFA","EPI",-6.6,58.91820312,0.319082923076923,24,11.5,9,131.1,125,10,14,102,1,0.57314441638533,277.2,0.5071,"2018_January","St. Marys"
"335","2018_January_ADFA_1.3.2","1.3.2","ADFA","EPI",-8,46.01938058,0.325455737704918,41,3.5,1,296.4,139,3,38,100,1,-1.72718689984947,280.6,0.4752,"2018_January","St. Marys"
"336","2018_January_ADFA_1.1.2","1.1.2","ADFA","EPI",-7.6,59.18060703,0.350495444248679,29,17,9,281,89,11,18,62,1,2.1804960316382,278.2,0.5579,"2018_January","St. Marys"
"337","2020_September_ADFA_1.2.4","1.2.4","ADFA","EPI",-0.713,102.4280911,0.259499557113859,28,14.5,5,287.4,90,20,8,77,1,1.77588205433905,222.3,0.5253,"2020_September","St. Marys"
"338","2020_September_ADFA_1.3.4","1.3.4","ADFA","EPI",-0.471,100.23465,0.23926927734375,41,9,4,290.3,119,15,26,89,1,-0.469546971065919,241.6,0.4791,"2020_September","St. Marys"
"339","2020_September_ADFA_1.4.4","1.4.4","ADFA","EPI",-0.225,57.62514552,0.30838988183161,41,8,12,237.4,140,13,28,100,1,-0.724322489040248,251.3,0.4861,"2020_September","St. Marys"
"340","2020_September_ADFA_1.5.4","1.5.4","ADFA","EPI",-0.136,81.95615514,0.29732437442076,60,3,1,279.5,127,24,36,90,1,-2.74876259871456,256.9,0.541,"2020_September","St. Marys"
"341","2020_September_ADFA_1.6.4","1.6.4","ADFA","EPI",-0.316,107.1710008,0.257806352225181,56,4.5,3,286.1,133,29,27,103,1,-2.31162805124978,256.4,0.5341,"2020_September","St. Marys"
"342","2020_September_ADFA_2.1.4","2.1.4","ADFA","EPI",-0.319,94.82758621,0.271573451327434,72,2.5,2,267.7,183,16,56,125,1,-5.13741195537331,255.5,0.5291,"2020_September","Painted Caves"
"343","2020_September_ADFA_2.2.4","2.2.4","ADFA","EPI",-0.256,96.14890886,0.281724738219895,57,7.5,7,288,129,21,36,86,1,-1.75088783259076,260.8,0.5526,"2020_September","Painted Caves"
"344","2020_September_ADFA_2.4.4","2.4.4","ADFA","EPI",-0.116,107.9264214,0.222723017532572,51,8,13,290.7,172,9,42,117,1,-2.04525622120932,235.6,0.4631,"2020_September","Painted Caves"
"345","2020_September_ADFA_2.5.4","2.5.4","ADFA","EPI",-0.151,95.22116904,0.24905085980174,34,10.5,11,316.5,107,17,17,79,1,1.08181772379948,273.5,0.4862,"2020_September","Painted Caves"
"346","2020_September_ADFA_2.6.4","2.6.4","ADFA","EPI",-0.089,93.51620948,0.283645489690722,26,11.5,6,312.3,45,11,15,24,1,2.98911270529079,249.3,0.5489,"2020_September","Painted Caves"
"347","2020_September_ADFA_1.1.4","1.1.4","ADFA","EPI",-2.169,81.13409415,0.302041425477456,43,12.5,9,340.1,134,22,21,104,1,-0.147020001062693,278,0.5471,"2020_September","St. Marys"
"348","2020_September_ADFA_1.2.4","1.2.4","ADFA","EPI",-0.244,86.2752034,0.261977971895177,26,6,17,238.9,133,13,13,103,1,0.713284274452735,271.5,0.488,"2020_September","St. Marys"
"349","2020_September_ADFA_1.3.4","1.3.4","ADFA","EPI",-0.744,82.28373702,0.285927866362946,24,14,4,272.6,103,6,18,81,1,1.4817434814724,263.9,0.5212,"2020_September","St. Marys"
"350","2020_September_ADFA_1.4.4","1.4.4","ADFA","EPI",-5.33,60.89506173,0.323937847688471,40,6.5,2,278.1,113,13,27,84,1,-0.649146399219594,272.4,0.5212,"2020_September","St. Marys"
"351","2020_September_ADFA_1.4.4","1.4.4","ADFA","EPI",-5.33,60.89506173,0.339600230193746,42,12,4,307.9,97,40,2,91,1,0.473098702044786,277.4,0.5464,"2020_September","St. Marys"
"352","2020_September_ADFA_1.5.4","1.5.4","ADFA","EPI",-5.45,63.67536646,0.293202337265181,43,6,6,302.7,132,28,15,111,1,-0.973671314692443,279.9,0.4799,"2020_September","St. Marys"
"353","2020_September_ADFA_1.6.4","1.6.4","ADFA","EPI",-2.49,68.7279718,0.301965343714394,32,12,10,384.5,136,15,17,109,1,0.722840781619224,266.3,0.5095,"2020_September","St. Marys"
"354","2020_September_ADFA_2.1.4","2.1.4","ADFA","EPI",-7.86,55.92783505,0.345480330578512,55,5.5,7,280.9,189,26,29,153,1,-3.39859716312651,267.7,0.5387,"2020_September","Painted Caves"
"355","2020_September_ADFA_2.2.4","2.2.4","ADFA","EPI",-0.873,75.7719715,0.314782837837838,39,12.5,9,267.8,171,13,26,136,1,-1.14653457079871,281.9,0.5533,"2020_September","Painted Caves"
"356","2020_September_ADFA_2.3.4","2.3.4","ADFA","EPI",-0.746,64.3441166,0.293652130651092,57,4,3,282.4,154,8,49,102,1,-3.08870409792425,276.3,0.4826,"2020_September","Painted Caves"
"357","2020_September_ADFA_2.5.4","2.5.4","ADFA","EPI",-2.04,80.39358601,0.298347636363636,61,5.5,3,281.2,160,20,41,116,1,-3.35568685000747,277.5,0.5382,"2020_September","Painted Caves"
"358","2020_September_ADFA_2.6.4","2.6.4","ADFA","EPI",-2.09,82.73785628,0.281167794376098,43,5,12,324.8,111,7,36,63,1,-0.0676038351047383,278.9,0.5138,"2020_September","Painted Caves"
"359","2020_September_ADFA_1.1.4","1.1.4","ADFA","EPI",-3.979,74.00699078,0.311194393718042,40,11,8,274.7,101,24,16,77,1,0.532197249343498,275.1,0.5415,"2020_September","St. Marys"
"360","2020_September_ADFA_1.2.4","1.2.4","ADFA","EPI",-2.444,74.9382716,0.259691601976006,33,8.5,9,289.1,144,8,25,110,1,-0.29167949120894,272.3,0.4543,"2020_September","St. Marys"
"361","2020_September_ADFA_1.3.4","1.3.4","ADFA","EPI",-7.005,66.16725688,0.279778344262295,26,9,10,387.7,113,10,16,87,1,1.49393806672382,280,0.4649,"2020_September","St. Marys"
"362","2020_September_ADFA_1.4.4","1.4.4","ADFA","EPI",-5.751,62.62002743,0.30137739350485,45,3.5,4,299.4,141,9,36,101,1,-1.80644654216576,279.2,0.4901,"2020_September","St. Marys"
"363","2020_September_ADFA_1.5.4","1.5.4","ADFA","EPI",-7.252,55.69994093,0.336608990895296,27,11,5,289.5,109,17,10,94,1,1.02973294559124,270,0.5241,"2020_September","St. Marys"
"364","2020_September_ADFA_1.6.4","1.6.4","ADFA","EPI",-5.741,63.30498177,0.32430119047619,49,1.5,1,275.1,120,24,25,94,1,-1.93421584615203,274.6,0.5296,"2020_September","Painted Caves"
"365","2020_September_ADFA_2.1.4","2.1.4","ADFA","EPI",-4.68,68.22268326,0.288308324768756,42,7,5,328.2,129,12,30,94,1,-0.789293702039714,279.3,0.485,"2020_September","Painted Caves"
"366","2020_September_ADFA_2.2.4","2.2.4","ADFA","EPI",-6.567,62.05663189,0.298229078535957,40,15,4,342.6,117,8,32,81,1,0.319263984246672,267.8,0.4833,"2020_September","Painted Caves"
"367","2020_September_ADFA_2.3.4","2.3.4","ADFA","EPI",-7.326,56.87061184,0.268182800511509,42,6.5,3,304.2,146,16,26,117,1,-1.50103367929483,279.2,0.4207,"2020_September","Painted Caves"
"368","2020_September_ADFA_2.4.4","2.4.4","ADFA","EPI",-3.444,79.38973648,0.297731637544456,35,9,8,339.2,50,13,22,20,1,2.25686224099664,267.5,0.5341,"2020_September","Painted Caves"
"369","2020_September_ADFA_2.5.4","2.5.4","ADFA","EPI",-7.76,47.60170006,0.309278280542986,33,14.5,5,303.3,124,9,24,95,1,0.520909776156438,287.6,0.4565,"2020_September","Painted Caves"
"370","2020_September_ADFA_2.6.4","2.6.4","ADFA","EPI",-6.42,64.19871795,0.288857310169822,37,12,9,324.5,102,18,19,74,1,1.02014558867815,280.4,0.4743,"2020_September","Painted Caves"
"371","2020_September_ADFA_1.1.4","1.1.4","ADFA","EPI",-6.91,62.97556449,0.310844144999051,47,8.5,6,294,169,20,27,136,1,-2.09665688070268,264.2,0.5066,"2020_September","St. Marys"
"372","2020_September_ADFA_1.2.4","1.2.4","ADFA","EPI",-3.57,83.04843305,0.305055875486381,26,15,10,301.4,111,8,18,83,1,1.75831688953663,276,0.5584,"2020_September","St. Marys"
"373","2020_September_ADFA_1.3.4","1.3.4","ADFA","EPI",-2.18,74.64550979,0.27077707326503,47,4,6,286.9,116,19,28,82,1,-1.0868085477683,278.8,0.4729,"2020_September","St. Marys"
"374","2020_September_ADFA_1.4.4","1.4.4","ADFA","EPI",-1.087,94.73503097,0.29691627496024,34,10.5,10,334.2,176,12,22,144,1,-0.805798953095273,281.2,0.5782,"2020_September","St. Marys"
"375","2020_September_ADFA_1.5.4","1.5.4","ADFA","EPI",-3.082,65.84311303,0.273812998137803,29,10,12,285.7,95,21,8,75,1,1.69564855184854,279,0.4541,"2020_September","St. Marys"
"376","2020_September_ADFA_1.6.4","1.6.4","ADFA","EPI",-3.996,73.03595206,0.310340130819546,48,10.5,10,333.8,152,19,29,113,1,-1.11337016372935,277.9,0.537,"2020_September","St. Marys"
"377","2020_September_ADFA_2.1.4","2.1.4","ADFA","EPI",-1.13,91.26827341,0.272705969840942,31,6.5,20,416,143,18,13,110,1,0.984601853357966,277.7,0.5216,"2020_September","Painted Caves"
"378","2020_September_ADFA_2.2.4","2.2.4","ADFA","EPI",-3.488,65.15629481,0.284881663483244,25,6,4,332.5,109,6,19,86,1,0.769453893208424,276.3,0.4705,"2020_September","Painted Caves"
"379","2020_September_ADFA_2.3.4","2.3.4","ADFA","EPI",-3.298,69.72434561,0.26566607069742,44,7,10,308.4,130,18,26,94,1,-0.633540917539502,272.5,0.4509,"2020_September","Painted Caves"
"380","2020_September_ADFA_2.4.4","2.4.4","ADFA","EPI",-6.166,62.38394729,0.279830616008853,21,16,9,379.1,120,10,11,100,1,2.15385180574879,289.6,0.4544,"2020_September","Painted Caves"
"381","2020_September_ADFA_2.5.4","2.5.4","ADFA","EPI",-3.549,70.07993909,0.315322314234557,32,13,16,289.4,111,15,17,78,1,1.59330230125293,281.6,0.5363,"2020_September","Painted Caves"
"382","2020_September_ADFA_2.6.4","2.6.4","ADFA","EPI",-3.748,82.05047319,0.254819442037775,39,7.5,2,216.9,112,4,35,75,1,-0.713585151237566,271.9,0.4639,"2020_September","Painted Caves"
"383","2020_September_ADFA_1.1.4","1.1.4","ADFA","EPI",-0.83,88.17589577,0.28574329236628,30,9,19,289.9,116,22,8,89,1,1.50591424901345,272,0.5377,"2020_September","St. Marys"
"384","2020_September_ADFA_1.2.4","1.2.4","ADFA","EPI",-6.92,60.36313806,0.331497628711814,45,4.5,3,311.7,148,16,29,116,1,-1.91071830554039,277.3,0.5316,"2020_September","St. Marys"
"385","2020_September_ADFA_1.3.4","1.3.4","ADFA","EPI",-4.401,73.25017325,0.27751776,20,20.5,8,381,74,15,5,61,1,3.80035264518915,270.8,0.4808,"2020_September","St. Marys"
"386","2020_September_ADFA_1.4.4","1.4.4","ADFA","EPI",-2.932,72.47869318,0.309951327980235,36,11,16,452.9,106,31,5,85,1,1.90288038707468,280.3,0.5346,"2020_September","St. Marys"
"387","2020_September_ADFA_1.5.4","1.5.4","ADFA","EPI",-1.21,92.75584515,0.237502525352953,37,11,7,288.4,101,28,9,85,1,0.732671918245434,281.5,0.4578,"2020_September","St. Marys"
"388","2020_September_ADFA_1.6.4","1.6.4","ADFA","EPI",-7.751,53.0127815,0.298079673826571,32,10.5,16,425.2,143,15,17,110,1,0.98433754548705,279.4,0.4561,"2020_September","St. Marys"
"389","2020_September_ADFA_2.1.4","2.1.4","ADFA","EPI",-5.068,67.5059952,0.341540014316392,41,5,5,297.6,148,12,29,114,1,-1.50641065025729,279.4,0.5721,"2020_September","Painted Caves"
"390","2020_September_ADFA_2.2.4","2.2.4","ADFA","EPI",-3.167,78.51208459,0.287767632748043,45,6.5,1,310.7,87,14,31,55,1,-0.25769006472676,281.2,0.5137,"2020_September","Painted Caves"
"391","2020_September_ADFA_2.3.4","2.3.4","ADFA","EPI",-2.087,87.03380969,0.288343589265747,54,9,15,259.2,170,21,33,122,1,-2.02772312043383,278.3,0.5393,"2020_September","Painted Caves"
"392","2020_September_ADFA_2.4.4","2.4.4","ADFA","EPI",-1.059,91.22048553,0.302373460869565,42,14,7,330.7,130,24,18,105,1,-0.0110011924763733,266.8,0.5782,"2020_September","Painted Caves"
"393","2020_September_ADFA_2.5.4","2.5.4","ADFA","EPI",-1.16,86.8058012,0.275526775231964,39,4,4,315.4,85,14,25,56,1,0.23718693512677,276.7,0.5147,"2020_September","Painted Caves"
"394","2020_September_ADFA_2.6.4","2.6.4","ADFA","EPI",-2.648,82.51346499,0.290992228998623,67,5,2,299.9,169,17,50,117,1,-4.08203815413453,277.4,0.5311,"2020_September","Painted Caves"
"395","2020_September_ADFA_1.1.4","1.1.4","ADFA","EPI",-7.956,54.7809402,0.328076570247934,51,6.5,2,306.4,170,21,30,138,1,-2.82106704393667,282,0.5078,"2020_September","St. Marys"
"396","2020_September_ADFA_1.2.4","1.2.4","ADFA","EPI",-5.003,68.06664353,0.279829471292854,29,19,5,254.2,93,19,10,78,1,1.89335503141808,270.4,0.4703,"2020_September","St. Marys"
"397","2020_September_ADFA_1.3.4","1.3.4","ADFA","EPI",-7.639,57.87159191,0.317283175487465,23,10,7,364.1,89,13,10,72,1,2.14694418828734,265.8,0.5009,"2020_September","St. Marys"
"398","2020_September_ADFA_1.4.4","1.4.4","ADFA","EPI",-6.56,54.61741425,0.296150341296928,51,7,12,394.5,165,20,31,122,1,-1.61459050807769,275.3,0.4579,"2020_September","St. Marys"
"399","2020_September_ADFA_1.5.4","1.5.4","ADFA","EPI",-9.207,46.14485981,0.316877378097522,22,15,9,406.5,85,15,7,69,1,3.05335805000349,280,0.4631,"2020_September","St. Marys"
"400","2020_September_ADFA_1.6.4","1.6.4","ADFA","EPI",-6.912,55.6206089,0.31660331075997,51,15,11,363.8,184,5,46,127,1,-1.67944518998132,268.2,0.4927,"2020_September","St. Marys"
"401","2020_September_ADFA_1.6.4","1.6.4","ADFA","EPI",-6.912,55.6206089,0.354001956358164,39,13,10,418.6,131,27,12,109,1,0.619556398520631,278.8,0.5509,"2020_September","St. Marys"
"402","2020_September_ADFA_2.1.4","2.1.4","ADFA","EPI",-9.016,38.19520174,0.397264154665615,41,16,6,375.4,201,11,30,165,1,-1.65137377151965,282.1,0.549,"2020_September","Painted Caves"
"403","2020_September_ADFA_2.2.4","2.2.4","ADFA","EPI",-8.755,50.0950209,0.365968169156749,31,13,21,426.3,186,11,20,145,1,0.466030369012991,295.8,0.5493,"2020_September","Painted Caves"
"404","2020_September_ADFA_2.3.4","2.3.4","ADFA","EPI",-2.371,95.2844695,0.258545905511811,65,10,7,278.9,190,16,49,134,1,-3.78789345822025,272.6,0.5049,"2020_September","Painted Caves"
"405","2020_September_ADFA_2.4.4","2.4.4","ADFA","EPI",-7.946,59.27409262,0.344249332076065,35,8,13,310,158,8,27,118,1,-0.486695492547882,278.4,0.5483,"2020_September","Painted Caves"
"406","2020_September_ADFA_2.5.4","2.5.4","ADFA","EPI",-3.05,75.8322237,0.299376296857251,41,10.5,11,275.6,141,12,29,101,1,-0.48303044368239,279.2,0.5264,"2020_September","Painted Caves"
"407","2020_September_ADFA_1.1.4","1.1.4","ADFA","EPI",-5.122,68.67623604,0.286110249621785,28,4.5,16,311.8,127,23,5,106,1,0.824062645611939,276.5,0.4826,"2020_September","St. Marys"
"408","2020_September_ADFA_1.2.4","1.2.4","ADFA","EPI",-3.13,78.9893617,0.283312927191679,30,12,8,306,104,11,19,77,1,1.29093536468529,273.8,0.5071,"2020_September","St. Marys"
"409","2020_September_ADFA_1.3.4","1.3.4","ADFA","EPI",-5.79,74.72252059,0.255376352459016,31,4,2,302.3,77,5,26,49,1,0.783838546590599,279.2,0.4462,"2020_September","St. Marys"
"410","2020_September_ADFA_1.4.4","1.4.4","ADFA","EPI",-3.502,75.35528596,0.314960565329116,35,14.5,8,382.8,93,26,9,76,1,1.7764596461207,282.4,0.5523,"2020_September","St. Marys"
"411","2020_September_ADFA_1.5.4","1.5.4","ADFA","EPI",-4.49,66.2668227,0.288752736230864,38,10,4,300.1,100,18,20,76,1,0.382978768631224,276.9,0.4801,"2020_September","St. Marys"
"412","2020_September_ADFA_1.5.4","1.5.4","ADFA","EPI",-4.49,66.2668227,0.299097554108745,31,18,5,337.6,97,13,18,74,1,1.82105157767955,280.1,0.4973,"2020_September","St. Marys"
"413","2020_September_ADFA_1.6.4","1.6.4","ADFA","EPI",-4.884,69.43425877,0.289905951460813,19,11.5,17,253.8,152,13,6,129,1,1.21572509150304,278.8,0.4912,"2020_September","St. Marys"
"414","2020_September_ADFA_2.1.4","2.1.4","ADFA","EPI",-6.792,56.727629,0.33178578870598,44,13,7,379.8,112,22,22,83,1,0.406962837060479,291.3,0.52,"2020_September","Painted Caves"
"415","2020_September_ADFA_2.2.4","2.2.4","ADFA","EPI",-4.973,68.28163123,0.319702154101077,37,5,15,343.5,143,18,19,109,1,-0.178403404994769,269.5,0.538,"2020_September","Painted Caves"
"416","2020_September_ADFA_2.4.4","2.4.4","ADFA","EPI",-4.019,79.91498406,0.30097548730065,49,7,18,325.4,143,37,12,113,1,-0.610886523411223,277.1,0.5415,"2020_September","Painted Caves"
"417","2020_September_ADFA_2.5.4","2.5.4","ADFA","EPI",-4.878,63.11576355,0.266926991317478,44,18,2,295.9,92,18,26,64,1,0.703582947848093,281.2,0.4354,"2020_September","Painted Caves"
"418","2020_September_ADFA_2.6.4","2.6.4","ADFA","EPI",-4.28,75.74183976,0.301066610384128,44,10,1,212.6,112,26,18,93,1,-0.845825753805275,269.4,0.5291,"2020_September","Painted Caves"
"419","2020_September_ADFA_1.1.4","1.1.4","ADFA","EPI",-2.816,57.06787964,0.308083359322789,41,15,10,368.6,136,21,20,106,1,0.320442357202539,286.5,0.4839,"2020_September","St. Marys"
"420","2020_September_ADFA_1.2.4","1.2.4","ADFA","EPI",-3.79,88.5193133,0.292702105862265,43,11.5,7,323.56,137,27,16,114,1,-0.495675603067667,269.3,0.5518,"2020_September","St. Marys"
"421","2020_September_ADFA_1.3.4","1.3.4","ADFA","EPI",-3.88,80.30418251,0.262944538169549,34,7.5,4,334.6,91,12,22,65,1,0.783833537144999,268.1,0.4741,"2020_September","St. Marys"
"422","2020_September_ADFA_1.5.4","1.5.4","ADFA","EPI",-3.35,66.73400673,0.32296950726979,33,10,8,313.9,69,29,4,57,1,1.95167007669054,282.7,0.5385,"2020_September","St. Marys"
"423","2020_September_ADFA_1.6.4","1.6.4","ADFA","EPI",-1.091,52.13960546,0.355923099940156,32,15,7,383.8,136,6,26,103,1,0.721109951962205,270.5,0.5415,"2020_September","St. Marys"
"424","2020_September_ADFA_2.1.4","2.1.4","ADFA","EPI",-3.65,78.26537664,0.26886881178523,56,4,3,311.6,201,24,32,166,1,-4.11539468033985,281.9,0.4793,"2020_September","Painted Caves"
"425","2020_September_ADFA_2.2.4","2.2.4","ADFA","EPI",-7.46,59.87361769,0.326070059288538,23,11,17,333.3,120,17,6,97,1,2.04191144392774,263.6,0.5213,"2020_September","Painted Caves"
"426","2020_September_ADFA_2.3.4","2.3.4","ADFA","EPI",-10,41.47492625,0.372150750625521,32,11.25,8,363.4,131,12,20,103,1,0.561832720808724,275,0.5265,"2020_September","Painted Caves"
"427","2020_September_ADFA_2.4.4","2.4.4","ADFA","EPI",-10,43.14613527,0.296899388314702,20,8.5,25,391.1,139,20,0.5,114,1,2.30235116699942,275.8,0.425,"2020_September","Painted Caves"
"428","2020_September_ADFA_2.5.4","2.5.4","ADFA","EPI",-6.56,54.61741425,0.296150341296928,43,13,7,343.6,135,6,37,91,1,-0.331613742398449,265.9,0.4579,"2020_September","Painted Caves"
"429","2020_September_ADFA_2.6.4","2.6.4","ADFA","EPI",-0.895,94.52848407,0.255129731965586,64,3,4,304.5,122,14,50,68,1,-2.63082147011224,265.6,0.4963,"2020_September","Painted Caves"
"430","2020_September_ADFA_1.1.4","1.1.4","ADFA","EPI",-9.641,53.03100416,0.297063985485334,37,13,5,343.6,145,1,36,104,1,-0.347264560368078,267,0.4546,"2020_September","St. Marys"
"431","2020_September_ADFA_1.2.4","1.2.4","ADFA","EPI",-6.59,65.91941836,0.292913273689976,31,9.25,5,335.4,99,12,19,75,1,1.00489762111324,277.3,0.486,"2020_September","St. Marys"
"432","2020_September_ADFA_1.3.4","1.3.4","ADFA","EPI",-5.032,79.96521739,0.285166215693854,35,5,11,326.5,134,14,21,102,1,-0.163881803355208,279.2,0.5132,"2020_September","St. Marys"
"433","2020_September_ADFA_1.4.4","1.4.4","ADFA","EPI",-8.01,56.15942029,0.332352668213457,24,14,10,267.5,112,10,14,88,1,1.67775826258104,273.3,0.519,"2020_September","St. Marys"
"434","2020_September_ADFA_1.5.4","1.5.4","ADFA","EPI",-2.23,75.89498807,0.3127434192673,59,5,5,319.5,165,28,31,129,1,-3.08218875448207,273,0.5501,"2020_September","St. Marys"
"435","2020_September_ADFA_1.6.4","1.6.4","ADFA","EPI",-2.999,78.5488959,0.295157243816254,65,1,4,287.8,134,47,18,112,1,-3.11534390181122,277.2,0.527,"2020_September","St. Marys"
"436","2020_September_ADFA_2.1.4","2.1.4","ADFA","EPI",-10,42.71566328,0.38405034696859,41,8.5,7,371,148,11,30,111,1,-0.812377681874053,271.8,0.5481,"2020_September","Painted Caves"
"437","2020_September_ADFA_2.2.4","2.2.4","ADFA","EPI",-6.05,68.8067648,0.293945565862709,26,18.25,10,338.9,106,16,10,86,1,2.33326495246784,275.9,0.4962,"2020_September","Painted Caves"
"438","2020_September_ADFA_2.5.4","2.5.4","ADFA","EPI",-9.99,44.14685525,0.345758496868476,25,16.5,12,380.8,91,12,13,66,1,2.92959523162977,272.2,0.4984,"2020_September","Painted Caves"
"439","2020_September_ADFA_2.6.4","2.6.4","ADFA","EPI",-5.779,76.77725118,0.283973190348525,46,6.75,2,299.6,138,9,37,99,1,-1.66257914274681,278,0.502,"2020_September","Painted Caves"
"440","2020_September_ADFA_1.1.4","1.1.4","ADFA","EPI",-6.006,73.52002836,0.276048825331971,32,12.75,5,335.7,118,10,22,91,1,0.717260108141229,267.7,0.479,"2020_September","St. Marys"
"441","2020_September_ADFA_1.3.4","1.3.4","ADFA","EPI",-10,55.91707458,0.313628254847645,27,11,12,286.6,135,5,22,101,1,0.783183403243739,284.5,0.489,"2020_September","St. Marys"
"442","2020_September_ADFA_1.4.4","1.4.4","ADFA","EPI",-8.591,56.20721132,0.338076581446311,33,8,14,353.9,142,21,12,116,1,0.360892205256832,273,0.5281,"2020_September","St. Marys"
"443","2020_September_ADFA_1.5.4","1.5.4","ADFA","EPI",-6.353,54.27509294,0.31495686746988,24,9.5,13,373.7,129,11,13,103,1,1.42240730437595,274.8,0.4859,"2020_September","St. Marys"
"444","2020_September_ADFA_2.1.4","2.1.4","ADFA","EPI",-9.027,52.91454443,0.358173908216136,47,1.75,1,291.5,161,24,23,137,1,-2.81841630647249,271.7,0.5477,"2020_September","Painted Caves"
"445","2020_September_ADFA_2.2.4","2.2.4","ADFA","EPI",-2.177,76.02059581,0.306384600919348,60,5.75,5,329.3,126,16,44,77,1,-2.05587013064325,279.1,0.5393,"2020_September","Painted Caves"
"446","2020_September_ADFA_2.4.4","2.4.4","ADFA","EPI",-10,52.46081936,0.360617240757439,47,13,13,380.4,124,19,28,83,1,0.302809875539654,282.3,0.5498,"2020_September","Painted Caves"
"447","2020_September_ADFA_2.5.4","2.5.4","ADFA","EPI",-8.821,52.28346457,0.327021716649431,25,12,8,359.2,119,7,18,93,1,1.40367963633849,280.8,0.498,"2020_September","Painted Caves"
"448","2020_September_ADFA_2.6.4","2.6.4","ADFA","EPI",-6.305,67.24033816,0.292572955407113,29,16,3,335.7,112,6,23,86,1,1.20455224972033,281.9,0.4893,"2020_September","Painted Caves"
"449","2020_September_ADFA_1.2.4","1.2.4","ADFA","EPI",-10,41.26940133,0.349190975083382,42,6,8,287.4,145,20,22,115,1,-1.19240111305238,277.7,0.4933,"2020_September","St. Marys"
"450","2020_September_ADFA_1.4.4","1.4.4","ADFA","EPI",-10,46.56709227,0.377847435897436,43,9,6,326.1,117,27,16,95,1,-0.237073992973666,273.5,0.5538,"2020_September","St. Marys"
"451","2020_September_ADFA_1.4.4","1.4.4","ADFA","EPI",-10,46.56709227,0.377847435897436,31,6.25,3,312.6,131,7,24,104,1,-0.357676847088881,271.9,0.5538,"2020_September","St. Marys"
"452","2020_September_ADFA_1.5.4","1.5.4","ADFA","EPI",-10,46.40971489,0.32559314821493,25,15,10,356.9,154,10,15,129,1,0.871234766802345,280.8,0.4767,"2020_September","St. Marys"
"453","2020_September_ADFA_1.6.4","1.6.4","ADFA","EPI",-10,47.25751472,0.365142655723906,54,2,3,306,165,24,30,132,1,-3.19862067567145,272.1,0.5377,"2020_September","St. Marys"
"454","2020_September_ADFA_2.6.4","2.6.4","ADFA","EPI",-10,42.4091442,0.343587487137271,31,18,8,315,122,22,9,105,1,1.32839809506,270.9,0.4893,"2020_September","Painted Caves"
"455","2018_January_ADFA_1.6.2","1.6.2","ADFA","EPI",-1.4,74.59272845,0.272818895205141,NA,NA,NA,NA,103,10,NA,NA,0,NA,281.1,0.4763,"2018_January","St. Marys"
"456","2018_January_ADFA_1.1.2","1.1.2","ADFA","EPI",-2.2,85.13314599,0.26922821624747,NA,NA,NA,NA,86,19,NA,NA,0,NA,286.3,0.4984,"2018_January","St. Marys"
"457","2018_January_ADFA_1.4.2","1.4.2","ADFA","EPI",-3.7,69.51193746,0.281951470588235,NA,NA,NA,NA,99,15,NA,NA,0,NA,273.9,0.4779,"2018_January","St. Marys"
"458","2018_January_ADFA_1.4.2","1.4.2","ADFA","EPI",-4.6,69.70792768,0.303403622356991,NA,NA,NA,NA,111,10,NA,NA,0,NA,281.8,0.5149,"2018_January","St. Marys"
"459","2018_January_ADFA_1.4.2","1.4.2","ADFA","EPI",-5.6,74.15615845,0.27884534152406,NA,NA,NA,NA,132,13,NA,NA,0,NA,277.4,0.4856,"2018_January","St. Marys"
"460","2018_January_ADFA_1.6.2","1.6.2","ADFA","EPI",-8.3,49.08939014,0.345784737785746,NA,NA,NA,NA,154,11,NA,NA,0,NA,280.7,0.5155,"2018_January","St. Marys"
"461","2018_January_ADFA_1.4.2","1.4.2","ADFA","EPI",-2.7,82.34758872,0.303650848303393,NA,NA,NA,NA,80,8,NA,NA,0,NA,282.7,0.5537,"2018_January","St. Marys"
"462","2018_January_ADFA_1.5.2","1.5.2","ADFA","EPI",-3.9,73.17423291,0.289477245881256,NA,NA,NA,NA,139,16,NA,NA,0,NA,284.9,0.5013,"2018_January","St. Marys"
"463","2018_January_ADFA_1.2.2","1.2.2","ADFA","EPI",-8.6,50.06126378,0.363805994868206,NA,NA,NA,NA,162,21,NA,NA,0,NA,283.6,0.5459,"2018_January","St. Marys"
"464","2018_January_ADFA_1.4.2","1.4.2","ADFA","EPI",-9.4,47.53502854,0.359121172332943,NA,NA,NA,NA,184,13,NA,NA,0,NA,281.8,0.5298,"2018_January","St. Marys"
"465","2018_January_ADFA_1.6.2","1.6.2","ADFA","EPI",-7.5,48.38709677,0.333654347826087,NA,NA,NA,NA,188,4,NA,NA,0,NA,277.8,0.4951,"2018_January","St. Marys"
"466","2020_September_ADFA_1.1.4","1.1.4","ADFA","EPI",-0.123,103.04679,0.263190568060021,NA,NA,NA,NA,142,21,NA,NA,0,NA,222.8,0.5344,"2020_September","St. Marys"
"467","2020_September_ADFA_2.3.4","2.3.4","ADFA","EPI",-0.106,95.64,0.249693314250664,NA,6,NA,NA,107,11,NA,NA,0,NA,257.9,0.4885,"2020_September","Painted Caves"
"468","2020_September_ADFA_2.4.4","2.4.4","ADFA","EPI",-0.116,107.9264214,0.256917806015763,NA,NA,NA,NA,159,23,NA,NA,0,NA,265.5,0.5342,"2020_September","Painted Caves"
"469","2020_September_ADFA_1.3.4","1.3.4","ADFA","EPI",-0.744,82.28373702,0.273255315110099,NA,7,NA,NA,114,29,NA,NA,0,NA,271.2,0.4981,"2020_September","St. Marys"
"470","2020_September_ADFA_2.4.4","2.4.4","ADFA","EPI",-1.957,72.67645003,0.312723593686767,NA,NA,NA,NA,133,3,NA,NA,0,NA,281.4,0.54,"2020_September","Painted Caves"
"471","2020_September_ADFA_2.4.4","2.4.4","ADFA","EPI",-7.946,59.27409262,0.255848263397768,NA,NA,NA,NA,200,10,NA,NA,0,NA,280,0.4075,"2020_September","Painted Caves"
"472","2020_September_ADFA_1.1.4","1.1.4","ADFA","EPI",-5.122,68.67623604,0.28184171709531,NA,NA,NA,NA,97,7,NA,NA,0,NA,278.1,0.4754,"2020_September","St. Marys"
"473","2020_September_ADFA_2.3.4","2.3.4","ADFA","EPI",-5.259,20.28415961,0.383674792661473,NA,NA,NA,NA,163,13,NA,NA,0,NA,284,0.4615,"2020_September","Painted Caves"
"474","2020_September_ADFA_2.6.4","2.6.4","ADFA","EPI",-4.28,75.74183976,0.309146644153651,NA,NA,NA,NA,173,19,NA,NA,0,NA,273.5,0.5433,"2020_September","Painted Caves"
"475","2020_September_ADFA_1.1.4","1.1.4","ADFA","EPI",-2.816,57.06787964,0.326865047894854,NA,NA,NA,NA,158,18,NA,NA,0,NA,268.3,0.5134,"2020_September","St. Marys"
"476","2020_September_ADFA_1.4.4","1.4.4","ADFA","EPI",-7.131,NA,0.449108515216723,NA,NA,NA,NA,193,55,NA,NA,0,NA,271.3,0.479,"2020_September","St. Marys"
"477","2020_September_ADFA_2.4.4","2.4.4","ADFA","EPI",-4.942,73.64932052,0.30492489024623,NA,NA,NA,NA,153,12,NA,NA,0,NA,266.3,0.5295,"2020_September","Painted Caves"
"478","2020_September_ADFA_1.2.4","1.2.4","ADFA","EPI",-8.35,63.18211703,0.305303062046737,NA,NA,NA,NA,172,10,NA,NA,0,NA,272.2,0.4982,"2020_September","St. Marys"
"479","2019_December_CEME_1.1.3","1.1.3","CEME","EPI",-0.163,131.3260941,0.21311906116643,NA,NA,NA,NA,NA,NA,0,NA,0,NA,275.9,0.493,"2019_December","St. Marys"
"480","2019_December_CEME_1.2.3","1.2.3","CEME","EPI",-0.167,149.7320472,0.184998283261803,NA,NA,NA,313.8,104,19,NA,NA,0,NA,279,0.462,"2019_December","St. Marys"
"481","2019_December_CEME_1.3.3","1.3.3","CEME","EPI",-0.263,NA,0.300194624652456,NA,NA,NA,308.9,187,7,NA,NA,0,NA,266.8,0.531,"2019_December","St. Marys"
"482","2019_December_CEME_1.6.3","1.6.3","CEME","EPI",-0.31,183.9984724,0.193686970552642,NA,NA,NA,NA,NA,NA,0,NA,0,NA,275.9,0.55,"2019_December","St. Marys"
"483","2019_December_CEME_1.8.3","1.8.3","CEME","EPI",-0.317,224.1209333,0.180220600162206,NA,NA,NA,300.4,139,18,NA,NA,0,NA,276.5,0.584,"2019_December","St. Marys"
"484","2019_December_CEME_1.7.3","1.7.3","CEME","EPI",-0.88,NA,0.0829248046875,NA,NA,NA,291.4,152,11,NA,NA,0,NA,283.1,0.459,"2019_December","St. Marys"
"485","2019_December_CEME_1.8.3","1.8.3","CEME","EPI",-1.34,255.0009348,0.153781756899094,NA,NA,NA,294.2,145,25,NA,NA,0,NA,271.2,0.546,"2019_December","St. Marys"
"486","2019_December_CEME_1.7.3","1.7.3","CEME","EPI",-1.77,190.32842,0.19360669754186,NA,NA,NA,NA,166,15,NA,NA,0,NA,280.3,0.562,"2019_December","St. Marys"
"487","2019_December_CEME_1.8.3","1.8.3","CEME","EPI",-2,306.4243665,0.122309571788413,NA,NA,NA,NA,103,21,NA,NA,0,NA,279.4,0.497,"2019_December","St. Marys"
"488","2019_December_CEME_1.7.3","1.7.3","CEME","EPI",-3.378,132.6370757,0.253184062850729,NA,NA,NA,NA,83,31,NA,NA,0,NA,261.5,0.589,"2019_December","St. Marys"
"489","2019_December_CEME_1.8.3","1.8.3","CEME","EPI",-4.02,148.0726086,0.176582703058205,NA,NA,NA,279.4,170,13,NA,NA,0,NA,279.6,0.438,"2019_December","St. Marys"
"490","2019_December_CEME_1.3.3","1.3.3","CEME","EPI",-1.2,106.1336254,0.254204038257173,NA,NA,NA,270.5,158,8,NA,NA,0,NA,256.7,0.524,"2019_December","St. Marys"
"491","2019_December_CEME_1.1.3","1.1.3","CEME","EPI",-1.9,90.35064593,0.307852908587258,NA,NA,NA,289.7,157,14,NA,NA,0,NA,271,0.586,"2019_December","St. Marys"
"492","2019_December_CEME_1.3.3","1.3.3","CEME","EPI",-2,100,0.298,NA,NA,NA,NA,149,24,NA,NA,0,NA,278.9,0.596,"2019_December","St. Marys"
"493","2019_December_CEME_1.8.3","1.8.3","CEME","EPI",-4.65,124.6315789,0.209676663542643,NA,NA,NA,274.1,139,64,NA,NA,0,NA,267.6,0.471,"2019_December","St. Marys"
"494","2019_December_CEME_1.4.3","1.4.3","CEME","EPI",-10.01,108.0436941,0.204785796105384,NA,NA,NA,NA,NA,NA,0,NA,0,NA,275.9,0.426,"2019_December","St. Marys"
"495","2019_December_CEME_1.3.3","1.3.3","CEME","EPI",-3.32,84.84663823,0.300248901098901,NA,NA,NA,264.9,134,9,NA,NA,0,NA,269.9,0.555,"2019_December","St. Marys"
"496","2019_December_CEME_1.2.3","1.2.3","CEME","EPI",-4.28,318.313253,0.114029377880184,NA,NA,NA,295.7,177,29,NA,NA,0,NA,280.1,0.477,"2019_December","St. Marys"
"497","2019_December_CEME_1.3.3","1.3.3","CEME","EPI",-7.21,88.4180791,0.27863568215892,NA,NA,NA,267.3,161,12,NA,NA,0,NA,269.6,0.525,"2019_December","St. Marys"
"498","2019_December_CEME_1.3.3","1.3.3","CEME","EPI",-10,NA,0.326785714285714,NA,NA,NA,274.4,120,9,NA,NA,0,NA,274.1,0.435,"2019_December","St. Marys"
"499","2020_January_CEME_1.4.3","1.4.3","CEME","EPI",-0.312,182.2440853,0.169028215767635,NA,NA,NA,276,86,19,NA,NA,0,NA,275.1,0.477,"2020_January","St. Marys"
"500","2020_January_CEME_1.6.3","1.6.3","CEME","EPI",-0.61,218.7254131,0.18542606763762,NA,NA,NA,NA,106,26,NA,NA,0,NA,275.3,0.591,"2020_January","St. Marys"
"501","2020_January_CEME_1.4.3","1.4.3","CEME","EPI",-1.783,251.2597741,0.158287410338857,NA,NA,NA,275,105,22,NA,NA,0,NA,273.5,0.556,"2020_January","St. Marys"
"502","2020_January_CEME_1.6.3","1.6.3","CEME","EPI",-1.433,188.4696905,0.184768111682586,NA,NA,NA,269.3,125,18,NA,NA,0,NA,267,0.533,"2020_January","St. Marys"
"503","2020_January_CEME_1.4.3","1.4.3","CEME","EPI",-2.08,185.3365919,0.180865151043289,NA,NA,NA,279.9,112,20,NA,NA,0,NA,278,0.516,"2020_January","St. Marys"
"504","2020_January_CEME_1.1.3","1.1.3","CEME","EPI",-3.42,150.5224898,0.179624591947769,NA,NA,NA,265.4,110,21,NA,NA,0,NA,264.8,0.45,"2020_January","St. Marys"
"505","2020_January_CEME_1.3.3","1.3.3","CEME","EPI",-3.71,119.3153153,0.227526289845547,NA,NA,NA,291.9,119,20,NA,NA,0,NA,271.7,0.499,"2020_January","St. Marys"
"506","2020_January_CEME_1.4.3","1.4.3","CEME","EPI",-3.45,145.081266,0.222375218150087,NA,NA,NA,276.7,97,18,NA,NA,0,NA,270.4,0.545,"2020_January","St. Marys"
"507","2020_January_CEME_1.6.3","1.6.3","CEME","EPI",-3.34,148.1025641,0.223725198412698,NA,NA,NA,293.8,100,22,NA,NA,0,NA,267.1,0.555,"2020_January","St. Marys"
"508","2020_January_CEME_1.5.3","1.5.3","CEME","EPI",-6.1,103.2672332,0.216976588628763,NA,NA,NA,270.8,127,22,NA,NA,0,NA,263.9,0.441,"2020_January","St. Marys"
"509","2020_January_CEME_1.4.3","1.4.3","CEME","EPI",-4.5,116.7458187,0.227019241760335,NA,NA,NA,272.8,140,8,NA,NA,0,NA,269.5,0.492,"2020_January","St. Marys"
"510","2020_January_CEME_1.6.3","1.6.3","CEME","EPI",-3.9,126.8797425,0.20277665180381,NA,NA,NA,279,94,14,NA,NA,0,NA,280.3,0.46,"2020_January","St. Marys"
"511","2020_January_CEME_1.6.3","1.6.3","CEME","EPI",-5.6,112.6107128,0.247870858956556,NA,NA,NA,278.9,155,17,NA,NA,0,NA,275,0.527,"2020_January","St. Marys"
"512","2020_January_CEME_1.2.3","1.2.3","CEME","EPI",-6.9,94.27016645,0.272815949909376,NA,NA,NA,293.3,125,7,NA,NA,0,NA,266.3,0.53,"2020_January","St. Marys"
"513","2020_January_CEME_1.6.3","1.6.3","CEME","EPI",-7.9,85.56478917,0.260825344169846,NA,NA,NA,NA,NA,NA,0,NA,0,NA,275.9,0.484,"2020_January","St. Marys"
"514","2020_September_CEME_1.6.4","1.6.4","CEME","EPI",-0.491,98.7012987,0.247708496732026,NA,NA,NA,NA,108,18,NA,NA,0,NA,276.3,0.4922,"2020_September","St. Marys"
"515","2020_September_CEME_2.2.4","2.2.4","CEME","EPI",-0.226,106.6985646,0.253702777777778,NA,NA,NA,NA,115,42,NA,NA,0,NA,279.6,0.5244,"2020_September","Painted Caves"
"516","2020_September_CEME_2.3.4","2.3.4","CEME","EPI",-3.016,85.8184228,0.248898894436519,NA,NA,NA,NA,116,32,NA,NA,0,NA,277,0.4625,"2020_September","Painted Caves"
"517","2020_September_CEME_2.3.4","2.3.4","CEME","EPI",-3.016,85.8184228,0.264989871611983,NA,NA,NA,NA,139,31,NA,NA,0,NA,284.5,0.4924,"2020_September","Painted Caves"
"518","2020_September_CEME_1.5.4","1.5.4","CEME","EPI",-1.01,94.01419315,0.250136339058524,NA,NA,NA,NA,67,75,NA,NA,0,NA,275.2,0.4853,"2020_September","St. Marys"
"519","2020_September_CEME_1.6.4","1.6.4","CEME","EPI",-3.628,69.83870968,0.315946818613485,NA,NA,NA,NA,150,24,NA,NA,0,NA,275.3,0.5366,"2020_September","St. Marys"
"520","2020_September_CEME_2.1.4","2.1.4","CEME","EPI",-1.082,102.5523013,0.263734352406528,NA,NA,NA,NA,142,33,NA,NA,0,NA,282.3,0.5342,"2020_September","Painted Caves"
"521","2020_September_CEME_2.3.4","2.3.4","CEME","EPI",-0.498,102.3357664,0.257739898989899,NA,NA,NA,NA,108,27,NA,NA,0,NA,269.9,0.5215,"2020_September","Painted Caves"
"522","2020_September_CEME_2.3.4","2.3.4","CEME","EPI",-0.498,102.3357664,0.261446608946609,NA,NA,NA,NA,163,43,NA,NA,0,NA,278.3,0.529,"2020_September","Painted Caves"
"523","2020_September_CEME_1.2.4","1.2.4","CEME","EPI",-2.939,94.62780899,0.238557892837813,NA,NA,NA,NA,99,18,NA,NA,0,NA,272,0.4643,"2020_September","St. Marys"
"524","2020_September_CEME_1.3.4","1.3.4","CEME","EPI",-3.005,82.28843862,0.269901922322479,NA,NA,NA,NA,175,18,NA,NA,0,NA,274.8,0.492,"2020_September","St. Marys"
"525","2020_September_CEME_1.5.4","1.5.4","CEME","EPI",-4.048,75.43010753,0.237587496169169,NA,NA,NA,NA,140,13,NA,NA,0,NA,272.6,0.4168,"2020_September","St. Marys"
"526","2020_September_CEME_2.2.4","2.2.4","CEME","EPI",-3.56,84.23537959,0.265475611198738,NA,NA,NA,NA,441,25,NA,NA,0,NA,271.3,0.4891,"2020_September","Painted Caves"
"527","2020_September_CEME_2.2.4","2.2.4","CEME","EPI",-3.56,84.23537959,0.286427070189274,NA,NA,NA,NA,147,34,NA,NA,0,NA,263,0.5277,"2020_September","Painted Caves"
"528","2020_September_CEME_2.3.4","2.3.4","CEME","EPI",-5.01,80.37383178,0.298879274611399,NA,NA,NA,NA,145,30,NA,NA,0,NA,265.2,0.5391,"2020_September","Painted Caves"
"529","2020_September_CEME_2.3.4","2.3.4","CEME","EPI",-5.01,80.37383178,0.28219170984456,NA,NA,NA,NA,210,36,NA,NA,0,NA,260.8,0.509,"2020_September","Painted Caves"
"530","2020_September_CEME_2.4.4","2.4.4","CEME","EPI",-2.125,105.1388889,0.261042654028436,NA,NA,NA,NA,164,28,NA,NA,0,NA,271.3,0.5355,"2020_September","Painted Caves"
"531","2020_September_CEME_2.6.4","2.6.4","CEME","EPI",-2.56,100.5584364,0.241276312649165,NA,NA,NA,NA,129,19,NA,NA,0,NA,276.2,0.4839,"2020_September","Painted Caves"
"532","2020_September_CEME_1.2.4","1.2.4","CEME","EPI",-6.085,64.95028409,0.275537567276642,NA,NA,NA,NA,145,35,NA,NA,0,NA,282.9,0.4545,"2020_September","St. Marys"
"533","2020_September_CEME_1.3.4","1.3.4","CEME","EPI",-4.233,71.54600063,0.300619074824917,NA,NA,NA,NA,123,38,NA,NA,0,NA,267,0.5157,"2020_September","St. Marys"
"534","2020_September_CEME_1.3.4","1.3.4","CEME","EPI",-4.233,71.54600063,0.294323387394029,NA,NA,NA,NA,126,24,NA,NA,0,NA,286.4,0.5049,"2020_September","St. Marys"
"535","2020_September_CEME_2.1.4","2.1.4","CEME","EPI",-4.119,81.06880894,0.267964429012346,NA,NA,NA,NA,101,25,NA,NA,0,NA,278.8,0.4852,"2020_September","Painted Caves"
"536","2020_September_CEME_2.1.4","2.1.4","CEME","EPI",-4.119,81.06880894,0.252666377314815,NA,NA,NA,NA,175,9,NA,NA,0,NA,281.6,0.4575,"2020_September","Painted Caves"
"537","2020_September_CEME_2.4.4","2.4.4","CEME","EPI",-3.061,93.83588536,0.231587664573628,NA,NA,NA,NA,135,20,NA,NA,0,NA,266.6,0.4489,"2020_September","Painted Caves"
"538","2020_September_CEME_2.4.4","2.4.4","CEME","EPI",-3.061,93.83588536,0.22307530889204,NA,NA,NA,NA,108,26,NA,NA,0,NA,273.5,0.4324,"2020_September","Painted Caves"
"539","2020_September_CEME_2.6.4","2.6.4","CEME","EPI",-2.189,95.23635031,0.244575356606607,NA,NA,NA,NA,147,26,NA,NA,0,NA,269.6,0.4775,"2020_September","Painted Caves"
"540","2020_September_CEME_1.2.4","1.2.4","CEME","EPI",-0.394,105.897772,0.223703246339911,NA,NA,NA,NA,92,30,NA,NA,0,NA,279.2,0.4606,"2020_September","St. Marys"
"541","2020_September_CEME_1.3.4","1.3.4","CEME","EPI",-5.177,73.03250067,0.330169186588016,NA,NA,NA,NA,176,22,NA,NA,0,NA,266.6,0.5713,"2020_September","St. Marys"
"542","2020_September_CEME_1.5.4","1.5.4","CEME","EPI",-2.098,103.0204082,0.233326296743064,NA,NA,NA,NA,162,18,NA,NA,0,NA,271.2,0.4737,"2020_September","St. Marys"
"543","2020_September_CEME_2.3.4","2.3.4","CEME","EPI",-7.092,62.53916157,0.35425308857274,NA,NA,NA,NA,178,15,NA,NA,0,NA,266.8,0.5758,"2020_September","Painted Caves"
"544","2020_September_CEME_2.4.4","2.4.4","CEME","EPI",-5.835,NA,0.31280883294218,NA,NA,NA,NA,126,11,NA,NA,0,NA,269.5,0.4807,"2020_September","Painted Caves"
"545","2020_September_CEME_2.5.4","2.5.4","CEME","EPI",-6.011,67.28524394,0.291179298622294,NA,NA,NA,NA,136,24,NA,NA,0,NA,276.8,0.4871,"2020_September","Painted Caves"
"546","2020_September_CEME_1.3.4","1.3.4","CEME","EPI",-6.713,56.29122273,0.301808375263756,NA,NA,NA,NA,98,25,NA,NA,0,NA,273.2,0.4717,"2020_September","St. Marys"
"547","2020_September_CEME_1.3.4","1.3.4","CEME","EPI",-6.713,56.29122273,0.304751598766434,NA,NA,NA,NA,135,24,NA,NA,0,NA,276.2,0.4763,"2020_September","St. Marys"
"548","2020_September_CEME_2.2.4","2.2.4","CEME","EPI",-6,106.6839585,0.25333364224346,NA,NA,NA,NA,73,48,NA,NA,0,NA,277,0.5236,"2020_September","Painted Caves"
"549","2020_September_CEME_2.4.4","2.4.4","CEME","EPI",-8.677,52.48004561,0.33604397083567,NA,NA,NA,NA,127,20,NA,NA,0,NA,268.6,0.5124,"2020_September","Painted Caves"
"550","2020_September_CEME_2.4.4","2.4.4","CEME","EPI",-8.677,52.48004561,0.357161488128622,NA,NA,NA,NA,111,31,NA,NA,0,NA,267.5,0.5446,"2020_September","Painted Caves"
"551","2020_September_CEME_2.5.4","2.5.4","CEME","EPI",-8.861,59.47846469,0.333900881866618,NA,NA,NA,340.5,177,15,NA,NA,0,NA,271,0.5325,"2020_September","Painted Caves"
"552","2020_September_CEME_1.3.4","1.3.4","CEME","EPI",-10,NA,0.299798887859129,NA,NA,NA,NA,145,12,NA,NA,0,NA,273.2,0.5303,"2020_September","St. Marys"
"553","2020_September_CEME_1.5.4","1.5.4","CEME","EPI",-7.118,55.38030144,0.338331175276336,NA,NA,NA,NA,141,16,NA,NA,0,NA,287.6,0.5257,"2020_September","St. Marys"
"554","2020_September_CEME_2.1.4","2.1.4","CEME","EPI",-8.53,46.67157946,0.343215776251884,NA,2.5,NA,NA,149,9,NA,NA,0,NA,269.4,0.5034,"2020_September","Painted Caves"
"555","2020_September_CEME_2.2.4","2.2.4","CEME","EPI",-8.219,51.84619302,0.298262334395439,NA,NA,NA,NA,133,20,NA,NA,0,NA,274.6,0.4529,"2020_September","Painted Caves"
